Age,Height_cm,Weight_kg,BMI,Menstrual_Cycle_Length_days,Menstrual_Irregularity,Fasting_Glucose_mg_dL,Fasting_Insulin_uIU_mL,HOMA_IR,LH_mIU_mL,FSH_mIU_mL,LH_FSH_Ratio,Total_Testosterone_ng_dL,Free_Testosterone_pg_mL,Total_Cholesterol_mg_dL,Triglycerides_mg_dL,Dietary_Sugar_Intake,Physical_Activity_Level,PCOS_Diagnosis,Hirsutism_Score_FG,Acne_Severity,Alopecia,Skin_Darkening_Acanthosis,first_name,last_name,email,Target_Nutrient_Vector,hashed_password
39,152.1,63.4,25.82,33,0,96.7,17.87,4.266738271604939,7.4,4.77,1.5513626834381553,52.1,8.42,142,299.0,2,2,1,17,2,0,0,Christopher,Sampson,christopher.sampson0@example.com,"[28.6, 22.0, 361.4, 12.1, 16.2]",pbkdf2:sha256:1000000$ubqOWIKa7mKaZG5J$643a7f27e33c167bb7b3815e0075011d2c6cdc3735dc0947db6105e7743c01ec
32,143.8,61.5,31.36,26,1,115.0,18.86,5.355308641975308,16.14,5.49,2.939890710382514,79.1,8.25,186,131.0,1,2,0,20,3,0,1,Edward,Stevenson,edward.stevenson1@example.com,"[30.2, 12.0, 320.0, 25.9, 25.0]",pbkdf2:sha256:1000000$AYpy5orb0uCYJ6fj$0eb15831af447c2cefcbad7a4cb584e38ddd51e701975895a443589a116fe6f0
28,146.9,50.8,22.9,38,0,75.0,15.61,2.890740740740741,10.52,8.1,1.2987654320987654,59.4,3.87,138,103.0,1,1,0,11,2,0,0,Maureen,Burgess,maureen.burgess2@example.com,"[26.5, 12.0, 320.0, 10.0, 25.0]",pbkdf2:sha256:1000000$rS9989I7vf4Q7vkS$aa398cca5756ab9aab00be7839a60a36f17d5c974223a90f3233c4b0eacbee04
31,165.5,69.5,23.68,31,1,106.2,14.21,3.726177777777778,13.85,9.88,1.401821862348178,83.5,2.3,94,179.0,3,1,0,9,0,1,0,Kevin,Bell,kevin.bell3@example.com,"[27.7, 12.0, 320.0, 10.0, 25.0]",pbkdf2:sha256:1000000$w0TQkdPSL7HN0OrY$24c0f22deec23c9f52cde2e68be842e90393a430f983a001d1a56cd1b03b2dd0
40,152.1,73.7,29.05,32,0,91.9,15.21,3.451355555555556,14.03,8.42,1.6662707838479809,44.8,3.72,208,137.0,3,2,0,24,1,0,0,Jennifer,Sheppard,jennifer.sheppard4@example.com,"[27.3, 12.0, 320.0, 20.1, 7.0]",pbkdf2:sha256:1000000$zI7sKBOoeXrtNQI6$671a58a8f917d33fcb65a6b2787e2d0fde4a07260d003acb628259b5e08d9d83
33,140.6,65.2,28.68,37,0,102.6,10.46,2.649866666666667,16.65,5.19,3.2080924855491326,29.0,3.9,195,149.0,3,3,1,16,0,0,0,Elaine,Fernandez,elaine.fernandez5@example.com,"[26.1, 12.0, 333.1, 19.2, 7.0]",pbkdf2:sha256:1000000$SqEPDOKbn8rKM82a$878aa334640968c65c27a18e5a5035bb99ccf9947f309f984f41e6b0b7fef94b
39,153.7,73.3,24.16,26,0,104.0,14.46,3.7131851851851856,10.68,2.45,4.359183673469388,88.7,8.42,167,167.0,2,3,1,13,3,0,1,Paul,Sullivan,paul.sullivan6@example.com,"[27.7, 12.0, 351.7, 10.0, 25.0]",pbkdf2:sha256:1000000$c4ktDVxc2lnuTImf$aea49e12d9b96eca7e4cf1c28d1234900a1b83027d0bf153244bfe7008c0545a
32,152.8,63.7,29.99,33,1,107.3,7.85,2.0797654320987653,7.63,5.82,1.3109965635738832,43.7,5.38,202,164.0,2,3,0,16,1,0,0,Jennifer,Patterson,jennifer.patterson7@example.com,"[25.3, 12.0, 320.0, 22.5, 7.0]",pbkdf2:sha256:1000000$B7OU3lMz1y1m7AKi$3b08bf3cc16b5fa545fea1aa82ba77ebd4c9f2a8b09048d0707a4bb75131a94b
32,164.4,69.6,23.35,36,1,123.0,13.68,4.1546666666666665,9.09,4.96,1.8326612903225807,24.6,7.26,153,90.0,2,2,1,23,1,0,0,Amanda,Mccoy,amanda.mccoy8@example.com,"[28.4, 12.0, 359.5, 10.0, 7.0]",pbkdf2:sha256:1000000$C0PhU78AdKYJdsVf$acf32a0b1bdccde0a317a6412247797d7a43a913c96da140888f3c8ed29c0522
40,134.6,55.9,23.24,31,1,85.4,20.51,4.3248246913580255,14.09,8.63,1.6326767091541134,59.2,7.4,165,115.0,3,2,1,10,1,1,0,Cynthia,Williams,cynthia.williams9@example.com,"[28.6, 12.0, 362.4, 10.0, 25.0]",pbkdf2:sha256:1000000$Q43y6Ttrb9VjigTu$2a03c9aad7eb7f7adfb0f1e5c2a1a102df9bb8c60be3b33a9d558341e96d9367
35,150.8,54.2,27.35,18,0,94.9,9.19,2.15340987654321,12.74,6.3,2.022222222222222,56.3,9.06,168,182.0,1,1,0,4,3,0,1,Jerry,Thornton,jerry.thornton10@example.com,"[25.4, 12.0, 320.0, 15.9, 22.4]",pbkdf2:sha256:1000000$EYFN6sE5JcsG8fA3$e8546a21bbaea553fdba21bb3eba66d25f28ce63f641931983aef489ff8d4ef8
19,158.3,59.3,25.15,21,0,108.8,16.89,4.5373629629629635,9.62,6.1,1.5770491803278688,61.6,4.54,219,105.0,3,3,1,10,3,0,0,Ashley,Massey,ashley.massey11@example.com,"[29.0, 12.0, 366.2, 10.4, 25.0]",pbkdf2:sha256:1000000$gVjYjCeyaKZUclKY$0ced1d5fe802dffe8f9036187a297e8f5ccea71be2d1327c12964f9bed3c0561
35,159.2,70.5,23.11,44,1,104.9,4.57,1.1836864197530865,4.64,9.87,0.4701114488348531,53.1,9.27,237,150.0,1,3,1,5,0,1,0,Brian,Hall,brian.hall12@example.com,"[23.9, 12.0, 320.0, 10.0, 17.7]",pbkdf2:sha256:1000000$eaGweN1jd5k5T7eZ$0e0762d070b769ff557e3352ee78dc5fbd76bdcca4a0bf171337abd8c1e061bb
24,163.2,63.9,21.77,35,1,108.8,11.43,3.0705777777777774,12.62,7.08,1.7824858757062145,45.1,6.95,209,76.0,1,2,1,18,2,0,0,Wayne,Burgess,wayne.burgess13@example.com,"[26.8, 12.0, 340.5, 10.0, 7.0]",pbkdf2:sha256:1000000$g53zxI6r81Vnv3b1$2a89d5a5231cdb1d58d55c989d6b48caa275799736ecaedd609bb5141e5f24ce
43,158.8,59.0,19.83,20,1,101.3,14.2,3.5517530864197524,8.05,4.25,1.8941176470588237,21.5,4.26,144,128.0,1,2,0,6,2,0,0,James,Duran,james.duran14@example.com,"[27.5, 12.0, 320.0, 10.0, 7.0]",pbkdf2:sha256:1000000$bAQkCja1Y7pO6JIg$9f1b0dbf2bcf8cbe1cf3b5a3b443c667d3f0ac7adbcc069ee9fcddb840a605ba
24,164.2,64.0,23.52,20,1,104.9,12.33,3.1936222222222224,5.03,12.36,0.406957928802589,66.9,7.37,257,117.0,2,3,0,18,3,0,0,Robert,Torres,robert.torres15@example.com,"[26.9, 12.0, 320.0, 10.0, 25.0]",pbkdf2:sha256:1000000$kLPRMVltnCm8GOYm$dd84a3e9df00fe3f926e3d9df1464503d38d4682a0b65d14ffa6dbce4bf12db7
28,151.1,72.5,26.37,18,0,102.6,29.8,7.549333333333333,17.9,6.59,2.7162367223065247,26.6,6.35,259,160.0,2,3,0,2,3,0,0,Maria,Rodriguez,maria.rodriguez16@example.com,"[33.5, 12.0, 320.0, 13.4, 7.0]",pbkdf2:sha256:1000000$9ZdeKrUYqNHEQAvF$6dbbe98b8479e3607362af8d2a3a83ae12d794892367200001899d3d3cb1324b
22,162.9,59.9,19.84,32,0,103.4,33.66,8.593688888888888,17.74,10.39,1.7074109720885464,55.7,7.83,157,79.0,1,3,0,4,1,0,0,Sarah,Collins,sarah.collins17@example.com,"[35.0, 12.0, 320.0, 10.0, 21.6]",pbkdf2:sha256:1000000$s9KpkKP9wpth1w0j$9e64f762ade448fffc193df1d5e06cc9a0c0a6b15125614caecec5ffd21c1ebf
25,162.0,97.4,21.26,34,0,100.4,19.06,4.724997530864197,8.08,9.49,0.8514225500526871,82.3,5.82,149,87.0,2,2,0,0,0,0,0,Michael,Harris,michael.harris18@example.com,"[29.2, 12.0, 320.0, 10.0, 25.0]",pbkdf2:sha256:1000000$bbxMoB6unzEOf5FI$e643afab1d8243e750dd94fc0a05a2138cd9edb1066bd6a3f240a39abacb2350
19,162.8,70.8,29.71,25,0,99.0,18.79,4.593111111111111,14.52,9.49,1.530031612223393,60.1,8.38,224,149.0,2,3,0,2,3,1,0,Taylor,Kirby,taylor.kirby19@example.com,"[29.0, 12.0, 320.0, 21.8, 25.0]",pbkdf2:sha256:1000000$dwiKXzJtCPGo2wEe$0a152832b5107854d44740424d076d166b6aed3ee3d39b2dd6508b1ad76c0b1d
38,154.8,70.0,28.84,29,1,88.8,12.3,2.696888888888889,11.75,9.58,1.2265135699373695,45.8,4.55,249,170.0,2,2,1,21,0,0,1,Jeffrey,Spencer,jeffrey.spencer20@example.com,"[26.2, 12.0, 333.9, 19.6, 7.0]",pbkdf2:sha256:1000000$ZlNbeDDfnUUqQRQR$ea8197ef171a773e47daf750c4fe3ac3f63eea388ed675711ca5bfea0181fd3c
39,153.8,74.1,26.01,31,0,88.2,24.08,5.244088888888888,8.21,5.8,1.4155172413793105,49.7,7.1,198,75.0,1,3,0,10,1,0,1,Scott,Turner,scott.turner21@example.com,"[30.0, 12.0, 320.0, 12.5, 12.6]",pbkdf2:sha256:1000000$hUQSQD8ADwnYBqQu$3cf32b107a1055db4f097827dea3d99e0f3cd808e60a472344d9a1554e9130a0
39,151.0,57.6,32.55,30,1,120.1,12.9,3.825407407407407,11.0,7.68,1.4322916666666667,17.5,2.12,177,109.0,2,1,0,10,2,1,0,David,Wolfe,david.wolfe22@example.com,"[27.9, 12.0, 320.0, 28.9, 7.0]",pbkdf2:sha256:1000000$xyR4zjfE2DX4Ln3C$304094451ba0910459c6bb84f111e4239227fe21c797c855ab0a5102c38401a4
43,159.7,81.0,23.76,34,0,61.1,10.66,1.6082123456790125,8.41,11.47,0.7332170880557977,47.9,7.8,159,87.0,2,3,1,14,2,0,1,Robert,Harrison,robert.harrison23@example.com,"[25.0, 12.0, 320.0, 10.0, 9.8]",pbkdf2:sha256:1000000$mPhGeZxogKl2zSRH$cbb3eae0290093b4c5c2a8452b95b14f18262533bd634d2ce805fb53f859c44f
34,154.8,52.6,29.41,25,1,118.9,15.43,4.529943209876543,1.78,8.98,0.19821826280623608,62.9,5.25,163,29.0,3,2,0,23,3,0,0,Carrie,Rodriguez,carrie.rodriguez24@example.com,"[28.9, 12.0, 320.0, 21.0, 25.0]",pbkdf2:sha256:1000000$SDwGWJ85GskDu5CS$0258c8517cec158937cff84a8ef29967b355274949135b9215b7294446102056
24,152.6,79.3,21.81,33,0,111.0,9.03,2.4748888888888887,1.43,6.67,0.2143928035982009,74.9,3.3,123,134.0,2,3,0,9,2,0,1,Lisa,Macdonald,lisa.macdonald25@example.com,"[25.9, 12.0, 320.0, 10.0, 25.0]",pbkdf2:sha256:1000000$dJaJyN0F2EUTm7J6$ba216da6590a122e867db359500ed031913f9a3e190871e25a3aa0a2507f818b
18,167.9,76.1,24.15,36,0,130.6,14.54,4.6887012345679,6.75,5.76,1.171875,51.0,5.98,166,75.0,1,3,0,22,1,0,0,Jonathan,Cabrera,jonathan.cabrera26@example.com,"[29.2, 12.0, 320.0, 10.0, 14.5]",pbkdf2:sha256:1000000$6lys70kWGGgbDUgM$88606c58d3646b5dfd2c6a1edf2438f79ccdb5a1addccd7d32473472f5b13f08
38,153.4,46.0,31.99,27,0,113.9,9.53,2.680165432098765,16.61,3.35,4.95820895522388,74.2,5.86,165,101.0,2,1,1,14,2,1,0,Holly,Evans,holly.evans27@example.com,"[26.2, 12.0, 333.7, 27.5, 25.0]",pbkdf2:sha256:1000000$ujG6cEOWClYw8sj4$8663f44430c498d203f173e7d9eaf8ad5c8a97fc5f078e7393503e1da284904d
44,151.5,65.3,22.74,31,0,97.9,12.14,2.934582716049383,5.11,8.31,0.614921780986763,74.5,3.43,199,167.0,2,2,0,3,2,0,0,Joseph,Miller,joseph.miller28@example.com,"[26.6, 12.0, 320.0, 10.0, 25.0]",pbkdf2:sha256:1000000$4LeaG1CRD5lGx3p8$de64ac23c3550b7bc9b0a247f9720f9b5da963ccce0d0450c908212b7f7dda5a
24,146.9,69.4,22.88,28,0,95.4,18.53,4.3648444444444445,3.42,2.05,1.6682926829268294,36.1,8.49,142,171.0,1,1,1,9,2,0,0,Robert,Hayes,robert.hayes29@example.com,"[28.7, 12.0, 363.1, 10.0, 7.0]",pbkdf2:sha256:1000000$pJSdBOZSKZw9m7Nq$633ced49bdb8bd3748ec3c25211f5ac1953c741fff0fdd1d6f70f1db88aebef5
21,164.0,51.5,21.24,38,0,111.1,15.86,4.350730864197531,8.53,10.79,0.7905468025949953,47.1,8.3,194,275.0,1,3,1,17,0,1,1,Tommy,Olson,tommy.olson30@example.com,"[28.7, 12.0, 362.9, 10.0, 8.7]",pbkdf2:sha256:1000000$3VESCy1RL2CVHf0Z$877b71e3493d7fe38075dfb86a604aa8194b6deaf928cf20b2e604b4be27f95f
38,151.2,70.3,19.7,38,1,116.1,10.52,3.015733333333333,6.41,8.2,0.7817073170731709,36.0,7.1,199,96.0,2,1,1,13,3,1,0,Ana,Martinez,ana.martinez31@example.com,"[26.7, 12.0, 339.5, 10.0, 7.0]",pbkdf2:sha256:1000000$XVKjqG9mFT5uLZEL$cba6236af0e04ba409c4284c5b4d133652f0f975860b9440750c566432a29bb7
26,154.4,62.0,14.95,39,0,117.7,6.62,1.9238864197530863,11.2,6.6,1.696969696969697,74.5,8.29,218,73.0,3,3,1,6,2,0,0,Jeffrey,Hansen,jeffrey.hansen32@example.com,"[25.0, 12.0, 320.4, 10.0, 25.0]",pbkdf2:sha256:1000000$XA8hM51NfJbzymfb$ab2a14b9ef9ce905807899bc3a1c9311a45170a66b12f567371e7a68cb279df7
39,158.9,56.1,36.51,40,0,96.4,6.32,1.5043160493827161,2.66,5.56,0.47841726618705044,60.2,5.91,138,134.0,3,2,1,3,0,0,0,Thomas,Thompson,thomas.thompson33@example.com,"[25.0, 12.0, 320.0, 38.8, 25.0]",pbkdf2:sha256:1000000$9uJsxoMPdmOmSbxn$c244e2026aa675ebe8cc167c325c19c52265852dcaac678e300063f1432b3588
20,148.3,52.9,28.79,30,0,90.3,15.67,3.4938296296296296,9.39,3.79,2.4775725593667546,72.2,3.63,150,265.0,3,3,0,20,2,0,1,Joshua,Werner,joshua.werner34@example.com,"[27.4, 22.0, 320.0, 19.5, 25.0]",pbkdf2:sha256:1000000$c1exBwPlVWUsyZpc$2ff56d0a6a54e7ed3aae406834ac698d949d110e93391980e33be7d0145e8fe7
25,159.2,62.8,20.43,25,1,82.5,11.05,2.250925925925926,16.56,2.99,5.538461538461537,12.3,4.73,167,75.0,2,1,1,6,1,0,0,Lauren,Acosta,lauren.acosta35@example.com,"[25.5, 12.0, 326.1, 10.0, 7.0]",pbkdf2:sha256:1000000$PWRZzfCRtdnbZua0$5ea119650fc806fce3fbc23e8a3ce83900dd9f70a987584a47ab79bc96b71aff
26,148.2,50.1,27.1,25,0,97.8,26.16,6.317155555555555,6.54,5.75,1.137391304347826,13.6,10.07,166,94.0,3,3,1,7,2,0,1,Michael,Barnes,michael.barnes36@example.com,"[31.6, 12.0, 397.3, 15.3, 7.0]",pbkdf2:sha256:1000000$frJB3EiAn24LBHkj$0cdcde7d289dd5dda8ff87e106d8f48b1a84b0914ce669942eca7641fe5a28d1
34,164.5,54.6,22.98,32,1,79.3,23.93,4.685553086419753,8.6,5.81,1.4802065404475044,18.1,7.0,215,134.0,1,1,0,0,0,0,1,Janet,Hoffman,janet.hoffman37@example.com,"[29.2, 12.0, 320.0, 10.0, 7.0]",pbkdf2:sha256:1000000$wsxULUFqdjyCdB2s$788f8b27eeaefa10bdde8d8c225295658fed0bac2595af9b33d9cacb4938168f
37,164.8,73.9,25.36,35,1,103.6,14.57,3.727041975308642,12.82,6.39,2.0062597809076683,37.9,5.86,152,188.0,3,3,0,16,0,1,0,Danielle,Johnson,danielle.johnson38@example.com,"[27.7, 12.0, 320.0, 10.9, 7.0]",pbkdf2:sha256:1000000$1jcJfxChuodC9Smb$7b65c9f2fb5f9c3dab9d44e3f2ec0d9582bff0bc83ff381814b697fa04c941d1
33,166.7,48.0,24.63,37,1,77.4,19.26,3.6808000000000005,5.48,3.58,1.5307262569832403,50.6,9.14,128,180.0,1,3,1,11,0,0,0,Jennifer,Gonzalez,jennifer.gonzalez39@example.com,"[27.7, 12.0, 351.2, 10.0, 13.9]",pbkdf2:sha256:1000000$J1emjqfEVKOpye25$9a089c5e3fbc050b0dae7299a252a71a57b30c14ad634d1fb7ec0696e5e8e2a5
20,146.6,44.9,20.65,31,0,113.8,18.77,5.274138271604938,4.69,8.13,0.5768757687576875,64.0,6.14,153,56.0,2,2,0,4,3,0,0,Mark,Schmidt,mark.schmidt40@example.com,"[30.1, 12.0, 320.0, 10.0, 25.0]",pbkdf2:sha256:1000000$wIZ93xmy1320Yf0E$e506094c057293ee5b4898535039def0e4d641f430cf1777e079ab3fa5f9932f
34,165.7,71.2,27.19,28,1,113.0,18.94,5.284493827160494,1.2,4.1,0.29268292682926833,67.7,6.81,168,198.0,2,3,0,2,2,0,0,Stacy,Sullivan,stacy.sullivan41@example.com,"[30.1, 12.0, 320.0, 15.5, 25.0]",pbkdf2:sha256:1000000$VLy7vetfSBd1IgJC$4553c077bbb4ede71b33465f0691ad3892f27c8856360ded92dab90fe0372714
40,155.7,61.8,19.91,35,0,76.5,13.85,2.6161111111111106,19.51,4.79,4.073068893528184,57.7,2.46,110,198.0,1,3,1,19,2,0,1,Debbie,Clark,debbie.clark42@example.com,"[26.1, 12.0, 332.5, 10.0, 24.6]",pbkdf2:sha256:1000000$uI2MzZTUXRJCXBX9$fe9b9ed54e61ebd0b2bc0364943953ceb154bbe7a6b1de0ccebd82513eb80576
37,161.4,72.4,22.92,25,1,88.4,14.1,3.0776296296296297,8.02,6.43,1.2472783825816485,66.9,6.57,204,214.0,3,1,0,12,2,1,0,Sheila,Wright,sheila.wright43@example.com,"[26.8, 22.0, 320.0, 10.0, 25.0]",pbkdf2:sha256:1000000$M5HIad3iS2TBrLas$264171acba94cd98e76ce237a8fadfc5bdded9dce9c42b2841241effc78df946
44,153.3,56.2,29.94,34,1,79.6,5.22,1.0259555555555555,13.91,5.29,2.6294896030245747,42.9,6.28,203,184.0,3,2,1,13,0,0,0,Amber,Becker,amber.becker44@example.com,"[25.0, 12.0, 320.0, 22.4, 7.0]",pbkdf2:sha256:1000000$jD9DPEpGa1hjCFnB$cae4d3388d9fdcf0bf391a5027a1da5edacd43bdd41e7b0e29cd05705e9035e0
38,154.6,75.6,14.26,21,1,88.1,7.39,1.607553086419753,2.28,4.56,0.5,61.8,4.83,178,170.0,2,3,1,17,1,0,0,Holly,Griffin,holly.griffin45@example.com,"[25.0, 12.0, 320.0, 10.0, 25.0]",pbkdf2:sha256:1000000$qNv7Ysq9M2CGh1sC$1aff72029e2160534af281ba137ce2f28df63b877b8ccb86c35b97406c07a758
37,153.0,46.3,24.74,29,0,89.3,17.96,3.960069135802469,14.51,7.58,1.9142480211081794,71.9,8.87,224,148.0,3,1,1,6,0,0,1,Deborah,Smith,deborah.smith46@example.com,"[28.1, 12.0, 356.1, 10.0, 25.0]",pbkdf2:sha256:1000000$8KQl1h0EbCJXskhU$f02cc229fe5fa54d3c586ae858026d47f52db45fd1cf77626b26e26a44c41a75
42,157.4,76.6,26.15,35,0,84.3,13.86,2.884933333333333,2.88,8.81,0.32690124858115777,109.3,4.54,189,97.0,3,2,1,12,0,1,0,Tracie,Grant,tracie.grant47@example.com,"[26.5, 12.0, 337.2, 12.9, 25.0]",pbkdf2:sha256:1000000$txSc0XYS5C7QDged$a6602ba2fffbae4ac4ec021c7a60a342ebb4509c0e1f8b55679b5c4ec04cde20
21,153.8,65.6,19.23,30,0,102.2,11.16,2.816177777777778,9.72,5.82,1.6701030927835052,76.5,9.11,161,192.0,2,1,0,16,3,1,0,Brooke,King,brooke.king48@example.com,"[26.4, 12.0, 320.0, 10.0, 25.0]",pbkdf2:sha256:1000000$Bkxf8XlPWcBvKbH0$8bd8edb76b36a0104840f2c7eadee72bd99e79f2d0c0bdedfd64e5f3d6bf7c52
43,157.4,58.6,25.94,30,0,116.4,10.29,2.9574222222222217,7.23,7.71,0.9377431906614787,75.9,5.99,265,211.0,2,1,1,17,1,0,0,Timothy,Day,timothy.day49@example.com,"[26.6, 22.0, 338.5, 12.4, 25.0]",pbkdf2:sha256:1000000$dNsMl9SBF0oZ56SZ$3f780d309123961762a91d8f6f2cb30e658314c6297228524794e3213a0b5881
22,151.7,31.6,14.69,26,0,114.0,23.15,6.5162962962962965,5.57,9.46,0.5887949260042283,61.8,4.34,232,207.0,1,1,0,5,3,0,0,Robert,Martinez,robert.martinez50@example.com,"[31.9, 22.0, 320.0, 10.0, 25.0]",pbkdf2:sha256:1000000$5DyxyQW58ji05szD$d3cb58a187124e7b775390435d8e6bcc837b8a80701906dccfcb816c2d5be057
39,152.3,44.5,25.04,39,0,93.6,16.2,3.7439999999999998,18.15,6.93,2.619047619047619,24.6,6.42,216,107.0,1,2,0,21,0,0,1,James,Russo,james.russo51@example.com,"[27.8, 12.0, 320.0, 10.1, 7.0]",pbkdf2:sha256:1000000$3lF9zIJcDofQOHgf$238913f1e06c8f7ff62ebe533e6a00b7f73cb835c4587bec82b67759c3d0c244
40,154.7,60.3,28.13,49,1,101.5,19.59,4.909592592592593,18.58,7.69,2.416124837451235,36.3,6.84,244,172.0,2,1,1,17,2,0,0,Jamie,Palmer,jamie.palmer52@example.com,"[29.5, 12.0, 372.7, 17.8, 7.0]",pbkdf2:sha256:1000000$VHvm6VWKkL2U6S9p$77f3bededfb4d2b0f9ae3571487487f531c9321ed6b54957db486a3acd57be67
37,166.8,74.3,19.38,29,1,94.7,11.97,2.798911111111112,12.56,8.47,1.4828807556080283,61.5,5.36,214,133.0,3,2,1,7,1,0,1,Jennifer,Walker,jennifer.walker53@example.com,"[26.3, 12.0, 335.7, 10.0, 25.0]",pbkdf2:sha256:1000000$uKC3A4tHVkzpM1a0$bddd5b1adab5309b80b1feebce7a9091fb61c01bdcda9d2b5fa08e66fdc0582c
40,161.0,82.6,21.97,20,1,102.0,15.88,3.9994074074074075,9.54,8.01,1.1910112359550562,66.8,7.33,158,199.0,1,2,0,9,2,1,0,Lindsey,Alvarez,lindsey.alvarez54@example.com,"[28.1, 12.0, 320.0, 10.0, 25.0]",pbkdf2:sha256:1000000$4AYt9o8paP2aUfwf$06263f79b603f00e4e125380b377282b46ca3c3d8b28fbe1be455167b05ded22
43,152.7,72.9,28.53,22,1,84.7,26.23,5.485632098765432,18.36,6.45,2.8465116279069766,77.2,4.38,133,16.0,2,3,0,16,0,0,1,Stacey,Harris,stacey.harris55@example.com,"[30.4, 12.0, 320.0, 18.8, 25.0]",pbkdf2:sha256:1000000$iDtDEqSgcbUZmCF3$d8d3de43cc1fe090f9dde26622d7cc11c24e0036263a3a05b040b03ff9d9894f
19,156.2,50.8,14.98,26,0,88.0,31.54,6.853135802469136,1.17,5.85,0.2,59.1,0.65,163,196.0,1,3,1,15,3,0,0,Ronald,Cox,ronald.cox56@example.com,"[32.4, 12.0, 406.7, 10.0, 25.0]",pbkdf2:sha256:1000000$FOCS49zlYuwGZaqR$f5a4fd4c2a9052c96bf99e0890fd65f52e1723cce905a139cc93304903a4c874
39,151.9,60.1,24.42,36,1,94.2,23.25,5.407777777777778,14.96,8.59,1.7415599534342259,49.5,6.37,192,109.0,2,3,0,14,1,0,1,Joshua,Simmons,joshua.simmons57@example.com,"[30.3, 12.0, 320.0, 10.0, 12.2]",pbkdf2:sha256:1000000$vlCYGzCiE497qRGT$27b363fe4133db60f31e51c8eddaf971f83494b95809b33cd808d0d158ce46b4
24,150.4,63.2,21.05,41,0,100.9,13.85,3.4505308641975314,10.52,3.57,2.946778711484594,62.1,7.13,259,77.0,1,3,0,20,2,0,1,Ronald,Long,ronald.long58@example.com,"[27.3, 12.0, 320.0, 10.0, 25.0]",pbkdf2:sha256:1000000$zzwwcdSyj40GODUa$17f166aab5153384387647f153fa0bc3dc9fadf7b5740282cefc2f81704bebfe
21,153.1,73.2,24.96,27,1,101.4,18.62,4.661896296296296,11.04,6.4,1.7249999999999999,36.0,7.61,178,152.0,1,1,0,2,3,1,1,Miranda,Nguyen,miranda.nguyen59@example.com,"[29.1, 12.0, 320.0, 10.0, 7.0]",pbkdf2:sha256:1000000$s8Dq1ccht6E3MO5Q$7b2472fcb3c2c51da13cf0bd1cec2430a5557fb5fcfcc016ea261c3d2c43a7a8
20,161.3,68.2,21.34,34,0,100.4,15.24,3.778014814814815,3.67,4.33,0.8475750577367205,55.3,6.73,186,113.0,2,2,1,16,2,0,0,Brian,Christensen,brian.christensen60@example.com,"[27.8, 12.0, 352.9, 10.0, 20.9]",pbkdf2:sha256:1000000$1WQK3gKl2CRVMcDN$1e40ad1c1e9bcd411e356ae3790225c821daff1ca2fb77b5297bf8a3910e9423
37,159.5,54.9,27.51,38,0,117.4,29.69,8.606434567901236,10.73,9.94,1.079476861167002,45.0,2.45,177,97.0,3,3,1,13,2,0,0,Ryan,Johnson,ryan.johnson61@example.com,"[35.1, 12.0, 437.4, 16.3, 7.0]",pbkdf2:sha256:1000000$GvdRdREhAdWH1w6y$0231e276c2367b5de994ef27c39dc550ba91171283ea3b38e8d5423f77d035b5
21,166.6,75.6,20.38,28,0,113.6,14.34,4.022281481481481,6.18,8.67,0.7128027681660899,39.6,8.85,168,136.0,2,1,0,22,3,0,0,Karen,Barber,karen.barber62@example.com,"[28.2, 12.0, 320.0, 10.0, 7.0]",pbkdf2:sha256:1000000$BNHuoc9RtvYuAiu3$8599e1ac0d0803700e583ca0cbd3799ca92868b21f38bad30be2e21ec6a44092
43,148.9,64.0,26.96,28,1,89.6,7.87,1.7411160493827158,11.38,5.52,2.061594202898551,74.0,7.08,143,65.0,1,3,0,18,0,0,0,Diana,Weiss,diana.weiss63@example.com,"[25.0, 12.0, 320.0, 14.9, 25.0]",pbkdf2:sha256:1000000$WnqYZVnpMy9uDyJZ$2681e5e57fb1b128826dd4f86fe8ca3fb6cb7773743b66f19392cc75640a0ca7
39,157.4,50.3,20.2,29,1,101.8,8.39,2.108893827160494,9.66,7.05,1.3702127659574468,53.3,7.35,151,214.0,2,1,1,4,2,1,1,Joseph,Pittman,joseph.pittman64@example.com,"[25.3, 22.0, 323.7, 10.0, 17.9]",pbkdf2:sha256:1000000$yZ1I0a9vFK2DNCZg$99b86f4f5fcda0a569b21162eef421acfdc0bb34351aea2d05c199e65cf4dc23
24,166.9,63.5,28.78,30,0,116.8,9.66,2.7858962962962965,13.56,6.54,2.073394495412844,21.6,5.38,194,172.0,2,3,1,15,3,0,0,Michael,Trevino,michael.trevino65@example.com,"[26.3, 12.0, 335.5, 19.5, 7.0]",pbkdf2:sha256:1000000$Om5Vpb5AWlZYs2Rk$7471eef6add43b88ba2c9d3e277bd1db67fdb51b40afdb2988a577881ec5bef1
18,149.9,74.2,18.2,37,0,84.1,4.32,0.8970666666666667,17.37,1.99,8.728643216080403,21.1,5.74,168,57.0,2,1,0,1,3,1,1,Yolanda,Spencer,yolanda.spencer66@example.com,"[25.0, 12.0, 320.0, 10.0, 7.0]",pbkdf2:sha256:1000000$MnuPgHsxKhqRr7ye$c1caa981d92c78c643ec0824f2310511094518bffc9037e3be757fe1cfdacd99
37,146.0,62.3,21.24,35,0,87.4,11.43,2.4666222222222225,10.99,5.37,2.0465549348230914,28.0,2.34,220,201.0,2,1,1,14,3,0,0,Robert,Navarro,robert.navarro67@example.com,"[25.8, 15.6, 329.9, 10.0, 7.0]",pbkdf2:sha256:1000000$41Nt3o6VTeytMHCy$ba1467479e88f34c6d8a7db12b4678e218db3aec8c2a79a332eb284263fcbc96
18,159.0,53.1,25.89,37,0,104.7,23.85,6.1656666666666675,16.43,4.7,3.4957446808510637,42.0,11.48,219,258.0,1,2,1,19,3,0,0,Jennifer,Wagner,jennifer.wagner68@example.com,"[31.4, 22.0, 394.6, 12.2, 7.0]",pbkdf2:sha256:1000000$zDeIFL8LNCrWUu66$98526ba0f8724c562bcd9ff1cb9af3cb94ff4798383c0deafc78899fc1876a99
26,171.2,86.2,27.11,30,1,113.1,15.32,4.278251851851852,6.86,5.3,1.2943396226415096,64.7,5.33,214,290.0,1,1,0,7,2,0,0,Christopher,Kelly,christopher.kelly69@example.com,"[28.6, 22.0, 320.0, 15.3, 25.0]",pbkdf2:sha256:1000000$ZdF68dp8BPesgUEO$81ccd98d3cc2ed6c32b76b3dc4b789ac3ad5bfd48b5f3dad58688237c29a76b0
44,153.1,82.4,21.47,31,1,118.9,19.81,5.815824691358025,8.81,5.97,1.47571189279732,61.5,10.02,160,159.0,1,1,0,22,2,0,1,Erin,Smith,erin.smith70@example.com,"[30.9, 12.0, 320.0, 10.0, 25.0]",pbkdf2:sha256:1000000$Du0D7IyiLqo52Zg6$c76b1c98bd4a2aca6fd0b04e74dce77c1e6d4a060f5cfe316c2c2a4995d00a42
25,164.9,60.6,15.45,39,0,123.9,18.05,5.521962962962963,2.33,5.23,0.44550669216061184,22.9,3.58,133,144.0,3,2,1,17,2,0,0,Robert,Hendricks,robert.hendricks71@example.com,"[30.4, 12.0, 383.4, 10.0, 7.0]",pbkdf2:sha256:1000000$jYq1LPNmvRiCZ6kP$8ef380a8a35ebdde67eac2c818452c96042303818bab00fea192551919e6dcb8
41,140.6,69.7,18.29,23,1,81.7,12.06,2.4328444444444446,7.17,6.38,1.1238244514106583,22.0,2.64,227,238.0,2,2,1,11,1,0,1,Jennifer,Green,jennifer.green72@example.com,"[25.8, 22.0, 329.3, 10.0, 7.0]",pbkdf2:sha256:1000000$Bng2qveAvRTtXaNl$f8a07ac66d12d2e0f1e4fdced78645fd1ad711f0a828a108c5f0df4f0f96eb64
27,155.7,62.7,37.03,26,0,110.0,9.89,2.686172839506173,8.63,6.3,1.36984126984127,76.2,5.87,148,177.0,2,1,1,15,0,0,1,Derek,Duncan,derek.duncan73@example.com,"[26.2, 12.0, 333.8, 40.1, 25.0]",pbkdf2:sha256:1000000$TvwqqvbFaTzfAcK6$3a14ec21013c4e777327d569c367566483d970c19e087bc5326a6923aaa3644d
36,157.2,69.3,24.9,31,0,103.4,20.5,5.233827160493828,7.51,3.6,2.086111111111111,81.2,6.9,175,174.0,1,2,0,23,0,1,0,Christina,Mitchell,christina.mitchell74@example.com,"[30.0, 12.0, 320.0, 10.0, 25.0]",pbkdf2:sha256:1000000$K5b7qSRBRy6JIXTg$80bf6d86287995eea53c855d4b62bd2cf80ca04b0c709d1219f3c20266b65528
28,160.7,73.7,35.31,34,0,84.2,5.59,1.1621679012345678,9.84,6.86,1.434402332361516,60.6,6.07,145,236.0,1,1,1,3,2,0,0,Zachary,Braun,zachary.braun75@example.com,"[25.0, 22.0, 320.0, 35.8, 25.0]",pbkdf2:sha256:1000000$HX3sSxjb40WP3h7L$aeab3ca545450f690d0e6f3ff72d6ee78554493ada6508773613bea3f270560b
30,152.6,68.5,29.48,36,1,90.7,11.26,2.521683950617284,17.39,1.09,15.954128440366972,87.4,5.1,212,282.0,2,1,0,16,2,0,0,Debra,Daniels,debra.daniels76@example.com,"[25.9, 22.0, 320.0, 21.2, 25.0]",pbkdf2:sha256:1000000$yko8GXox98m7eJj7$0a06740653b4b22fd504a4c1f46c66ecd76bf81c4c19e69ed8594a805a47b561
27,156.7,70.2,18.17,44,1,102.4,10.43,2.637116049382716,15.22,8.74,1.7414187643020596,44.3,4.55,187,197.0,1,2,1,15,0,0,1,Bryan,Wells,bryan.wells77@example.com,"[26.1, 12.0, 332.9, 10.0, 7.0]",pbkdf2:sha256:1000000$KgwVm1FvoHThXjvw$247836d0beb2fdd2fadb374ac76feea71a859750e75ee83450d310f79309868b
20,160.6,39.0,28.43,25,1,108.4,17.69,4.734804938271606,4.93,8.61,0.5725900116144018,78.8,3.71,211,78.0,3,2,0,19,1,0,0,Andrew,Stuart,andrew.stuart78@example.com,"[29.3, 12.0, 320.0, 18.6, 25.0]",pbkdf2:sha256:1000000$SsuIpQY2A9ciEE6C$a856c28b7200b03b01f100e83b74e4137fd48a21f783de0978af60579ceae379
43,153.0,60.8,21.95,39,0,87.9,14.87,3.227340740740741,15.47,7.49,2.0654205607476634,62.2,6.53,205,150.0,3,3,1,2,0,0,1,Zachary,Burke,zachary.burke79@example.com,"[27.0, 12.0, 343.2, 10.0, 25.0]",pbkdf2:sha256:1000000$CsRhAbZgWjVnblvq$7ff368cdd0c51541a5252e943a96275e77ce080b4f73b27d246541c4d29c39dd
33,142.0,62.3,22.15,37,0,98.9,17.65,4.310086419753087,12.46,3.08,4.045454545454546,68.9,3.34,193,74.0,3,1,0,7,0,0,0,Erin,Williams,erin.williams80@example.com,"[28.6, 12.0, 320.0, 10.0, 25.0]",pbkdf2:sha256:1000000$5I5ueUfoU6D9K8VM$06adfcc9a17f36f07c983ec6becba2da8120c028f2659d53b7331502124b4ffb
31,148.7,54.2,23.57,42,1,134.8,8.36,2.7825382716049387,11.62,10.19,1.140333660451423,46.2,4.56,155,150.0,1,2,1,2,1,0,0,Lori,Hale,lori.hale81@example.com,"[26.3, 12.0, 335.4, 10.0, 7.3]",pbkdf2:sha256:1000000$oJ9AjANEFgNJsVQb$70a2d3f1cefce13e5483397a58498180c72442d173f8018e835dec95c2b7eaa7
36,153.4,77.3,18.81,30,0,95.8,4.44,1.050251851851852,10.78,5.05,2.1346534653465348,25.2,4.83,193,179.0,3,2,0,10,2,1,0,Charles,Melendez,charles.melendez82@example.com,"[25.0, 12.0, 320.0, 10.0, 7.0]",pbkdf2:sha256:1000000$x5XxvgKo02k970ZS$563ddf019e9b622bd9ad4460890f4547498c2d2601094c35050f800dc7e533b9
20,155.8,60.6,27.14,21,0,122.7,17.96,5.441214814814815,12.23,4.55,2.687912087912088,66.0,3.18,179,138.0,3,3,0,17,0,0,1,Michelle,Branch,michelle.branch83@example.com,"[30.3, 12.0, 320.0, 15.4, 25.0]",pbkdf2:sha256:1000000$kZSrbfG4IwnKaxgk$f2734f128d6070f6416847e56f0d45853e7359f36976528a7e17cf07fa8cd90f
41,159.8,60.8,31.17,32,0,68.8,11.41,1.9382913580246912,14.05,8.82,1.59297052154195,43.1,6.05,217,195.0,2,1,1,15,2,0,0,Christopher,Sexton,christopher.sexton84@example.com,"[25.1, 12.0, 320.7, 25.4, 7.0]",pbkdf2:sha256:1000000$v7WOs0kQBMszQ4Uq$230a4c6a32429afd18bd2b9229148d9fa4682f66c497c4346f64727d2d79a554
38,157.4,52.9,27.35,33,0,110.3,19.97,5.4387432098765425,12.45,5.61,2.2192513368983953,42.4,4.92,176,164.0,3,2,0,22,1,1,0,Kimberly,King,kimberly.king85@example.com,"[30.3, 12.0, 320.0, 15.9, 7.0]",pbkdf2:sha256:1000000$QyTe4nYDvVI2GczI$ab3a3bce7cfcb699b8c178e74fa3d7ee62919eb47a4566619c976b4d799075ee
42,147.8,73.6,23.64,30,0,73.8,14.29,2.6039555555555554,10.65,7.47,1.42570281124498,40.6,4.83,152,279.0,3,1,0,12,3,0,1,Christopher,Rhodes,christopher.rhodes86@example.com,"[26.1, 22.0, 320.0, 10.0, 7.0]",pbkdf2:sha256:1000000$mUNpcGSjOLC9k8Ac$5c0e8058e57eb1fc46449d465d75ca26878db081f8cdafae512851b03fe0d901
36,161.0,29.5,25.93,41,0,94.4,16.55,3.8575802469135807,6.65,7.32,0.9084699453551913,43.5,6.33,186,44.0,3,3,0,1,1,0,0,Bryan,Kelley,bryan.kelley87@example.com,"[27.9, 12.0, 320.0, 12.3, 7.0]",pbkdf2:sha256:1000000$paHvfiFqJBmVoHAD$75d1032ded17f1b67a411f651620e43e279a6c244116a3f9e17a035aa9f92f9f
39,163.3,73.8,23.84,30,0,81.0,19.49,3.8979999999999997,14.43,8.31,1.7364620938628157,38.0,6.03,203,86.0,2,3,0,14,3,1,0,Linda,Sanders,linda.sanders88@example.com,"[28.0, 12.0, 320.0, 10.0, 7.0]",pbkdf2:sha256:1000000$LZQjofVy7xM1d1fx$bebe11880525ca8ddafd001290401f8092039b907eced827ce946d45e43ba2d6
42,135.1,62.5,21.9,32,0,93.7,7.67,1.774516049382716,4.91,6.98,0.7034383954154727,44.8,6.8,188,65.0,3,2,1,22,2,0,0,Marvin,Butler,marvin.butler89@example.com,"[25.0, 12.0, 320.0, 10.0, 7.0]",pbkdf2:sha256:1000000$7vTfo1XpEyFVBjky$993d18043db94eab86aa5774a7efe787fdfab834ce406052dbc057b9dddef33e
24,147.9,58.6,28.5,36,1,85.7,0.4,0.08464197530864198,7.19,8.78,0.8189066059225514,59.2,4.19,155,163.0,2,3,0,20,3,0,0,Daniel,Brown,daniel.brown90@example.com,"[25.0, 12.0, 320.0, 18.8, 25.0]",pbkdf2:sha256:1000000$MAvF0ksHJVR2re7J$584de2224bea490519ef2cbf81541db3dbbf42b1c3a1cde2e8b68b63e773e932
25,157.7,65.5,25.7,20,1,110.6,5.89,1.608479012345679,7.82,8.45,0.9254437869822486,69.1,7.38,114,69.0,1,3,0,12,2,0,0,Anne,Cardenas,anne.cardenas91@example.com,"[24.6, 12.0, 320.0, 11.7, 25.0]",pbkdf2:sha256:1000000$KFDTxZelepN6QWLy$e8d29f2332fa4002ca117b0b40185bbbf66def8062193f2ca57f5825468a6497
37,155.3,57.0,21.6,39,1,102.7,18.24,4.625303703703703,10.91,7.41,1.4723346828609987,55.7,6.18,164,145.0,3,1,0,10,3,0,0,Victoria,Garcia,victoria.garcia92@example.com,"[29.1, 12.0, 320.0, 10.0, 21.6]",pbkdf2:sha256:1000000$tX67t0vL3xUrDcBw$43d19877ae124f74365e7e1d92ca3e9ecc4eb2a644a6a3caad22294ce640e369
29,161.0,30.2,26.54,44,0,87.3,6.96,1.5002666666666666,9.38,6.73,1.3937592867756314,43.6,6.56,209,184.0,2,1,0,18,2,0,0,Kevin,Montoya,kevin.montoya93@example.com,"[25.0, 12.0, 320.0, 13.8, 7.0]",pbkdf2:sha256:1000000$CKWngh5eaq598HTr$723f2836da78208eca30c6ddd9490d636a61d36b0ce95c35df3c5135547bd067
32,165.3,58.1,28.32,25,0,113.6,22.79,6.392454320987654,11.63,6.63,1.7541478129713426,89.6,6.7,130,143.0,3,2,1,10,1,0,0,Kelly,Tate,kelly.tate94@example.com,"[31.7, 12.0, 398.6, 18.3, 25.0]",pbkdf2:sha256:1000000$R5XNCoHlgXxe8B62$3845e5f1e99e9879e3cb94e8a3d3e9dd39fbd7fca60826d48530ab1201a68f36
34,171.4,76.1,25.78,44,0,78.9,24.12,4.698933333333334,10.52,8.04,1.3084577114427862,31.3,6.09,237,73.0,3,2,1,17,0,0,1,Shelley,Trevino,shelley.trevino95@example.com,"[29.2, 12.0, 369.0, 12.0, 7.0]",pbkdf2:sha256:1000000$IDsA59MWT6fmvoBf$40f3b3fddde56af073b0cd397ff099a52ffd3ab1a661abf0d7b248904a761541
20,157.3,70.9,14.88,38,1,82.6,12.94,2.6391209876543207,4.56,5.92,0.7702702702702702,75.2,6.0,231,114.0,1,3,1,4,3,0,0,Claudia,Chandler,claudia.chandler96@example.com,"[26.1, 12.0, 332.9, 10.0, 25.0]",pbkdf2:sha256:1000000$hgimQK8nJghJyYTD$14397c3fb3edf163e8c7b83c70359aded3e4c27620c80ff86ae6677e01eb4ba5
20,149.0,57.6,21.32,40,1,100.6,13.06,3.2440395061728395,12.73,7.08,1.7980225988700564,90.8,11.37,124,139.0,2,2,0,24,1,0,0,Meredith,Thomas,meredith.thomas97@example.com,"[27.0, 12.0, 320.0, 10.0, 25.0]",pbkdf2:sha256:1000000$BdvOvTNIw2gWaYcG$a91f980f588e58b506c1a28884650aedf1aef2f73e2442e4865d58b60cec37a9
41,165.6,70.3,17.86,39,0,72.3,12.45,2.222555555555555,10.77,4.53,2.377483443708609,76.4,3.1,153,257.0,1,3,0,19,0,0,1,Matthew,Gross,matthew.gross98@example.com,"[25.5, 12.0, 320.0, 10.0, 25.0]",pbkdf2:sha256:1000000$7sKsxyNmQpqbiacb$9e9c5ea1d643d2c418fea879f5dab365c3ea33cded67e5b22079ce0c666b5e73
27,164.4,75.1,28.48,39,0,86.8,16.03,3.4355654320987656,14.67,5.04,2.9107142857142856,70.2,5.63,203,170.0,1,2,0,1,2,0,0,Timothy,Hammond,timothy.hammond99@example.com,"[27.3, 12.0, 320.0, 18.7, 25.0]",pbkdf2:sha256:1000000$fVkItnKvh78mJC40$da7a875d5844911eae26be777bf46ae331a51dc09f7637debb7f6e5138ea51b5
41,150.4,54.9,28.51,30,0,96.6,20.47,4.882474074074073,9.06,4.31,2.1020881670533647,54.2,5.63,192,136.0,3,2,0,8,3,0,0,Theresa,Ramsey,theresa.ramsey100@example.com,"[29.5, 12.0, 320.0, 18.8, 19.3]",pbkdf2:sha256:1000000$LeZht4XFcn07Vtxb$a9c6f236c41113adf07face4829d09118e0b280bd6d296394c0742b59c5cd89e
21,158.0,63.3,28.16,25,1,82.0,12.64,2.55920987654321,14.63,8.31,1.7605294825511433,44.5,9.6,223,93.0,2,1,0,1,1,0,0,Brittany,Cummings,brittany.cummings101@example.com,"[26.0, 12.0, 320.0, 17.9, 7.0]",pbkdf2:sha256:1000000$dtZlTjYF7LsqEq0M$0b4bbd03b1ea23146b3554a9ed219bc1e6e3d5670c1c7c9ece87cc40d507d166
40,155.9,73.3,23.76,28,0,80.0,9.46,1.868641975308642,12.17,7.05,1.726241134751773,83.3,7.34,204,169.0,3,1,0,6,3,0,0,Sara,Garcia,sara.garcia102@example.com,"[25.0, 12.0, 320.0, 10.0, 25.0]",pbkdf2:sha256:1000000$5HOgAh6fU7L7Aj2Z$7f5014728b69405d51a5978edca01d5781b84976dd7928302e7a9289fa724e4e
34,158.9,76.2,22.11,26,1,111.7,16.92,4.666577777777778,10.88,7.05,1.543262411347518,78.4,4.31,179,99.0,3,1,0,24,3,0,0,Brandon,Conner,brandon.conner103@example.com,"[29.1, 12.0, 320.0, 10.0, 25.0]",pbkdf2:sha256:1000000$wXCnsj6KOeqn7ZEy$0115980749a8f8ad72a91d4d90e8a3c2f328e6715909bf1b48903eb7defb3c34
27,146.2,72.2,25.19,39,0,105.9,15.27,3.9928222222222223,13.81,4.37,3.160183066361556,54.2,3.36,239,139.0,2,3,1,24,3,0,0,Melissa,Barrett,melissa.barrett104@example.com,"[28.1, 12.0, 356.6, 10.5, 19.3]",pbkdf2:sha256:1000000$exLmZzcxF0jTRpiA$ae5583d0c3db75db88d1d85dc62d2deca63b2804e8d4bd52313336e3f4321063
36,160.5,78.2,24.55,30,1,92.6,24.45,5.590296296296295,7.75,7.31,1.0601915184678523,41.1,7.5,186,129.0,1,3,0,14,3,0,0,Stephen,Adams,stephen.adams105@example.com,"[30.5, 12.0, 320.0, 10.0, 7.0]",pbkdf2:sha256:1000000$LY2dPVwlZQUrZhGD$e19d940866b3c4c7c714d68f8f6d62a74ddfcfc48f3fb0aa10e92d79e5ef5ce9
23,154.8,57.7,25.62,33,0,109.4,16.65,4.4975555555555555,15.26,12.91,1.182029434546863,51.3,8.92,170,182.0,2,3,1,4,1,0,0,Tracey,Thornton,tracey.thornton106@example.com,"[28.9, 12.0, 365.5, 11.6, 14.9]",pbkdf2:sha256:1000000$9hoKdm9Dw3PWU1e9$8f95ce406bf52774e0ddf6864664bfa9c63c23f0f2d47764ad3aedff7372ce8d
43,156.7,71.7,24.73,35,1,79.6,22.28,4.378982716049383,8.03,2.14,3.7523364485981303,62.8,9.37,203,74.0,1,1,1,2,3,0,0,Valerie,Guerrero,valerie.guerrero107@example.com,"[28.7, 12.0, 363.4, 10.0, 25.0]",pbkdf2:sha256:1000000$HmUPHdO5uzy02Epc$74fc72e38cc5cdcad6200e5e7cd63cb224d13d86fce8674c272769f58af85949
25,155.7,72.3,23.84,33,0,85.2,8.63,1.8154962962962964,13.78,8.02,1.718204488778055,69.5,6.12,285,157.0,1,1,0,1,2,0,1,Melissa,Hall,melissa.hall108@example.com,"[25.0, 12.0, 320.0, 10.0, 25.0]",pbkdf2:sha256:1000000$0XsXnVspspjzoBdH$2937690a3626d94d8d47dab627e1f8ff7d02e41ff5b527de0a5d897a44d50729
31,157.2,48.3,19.35,37,1,85.9,15.72,3.334192592592593,14.14,3.18,4.446540880503145,62.4,4.04,175,192.0,3,3,1,5,0,0,1,Jennifer,Davis,jennifer.davis109@example.com,"[27.2, 12.0, 345.1, 10.0, 25.0]",pbkdf2:sha256:1000000$B6ZxsPVIknCR6UYk$7b6f0575c7b1247965a9b8838f06817e18c9dab9d7b4d83e1c2c834dd36bf5f3
39,155.9,53.9,24.1,28,0,79.9,2.67,0.5267481481481482,17.15,5.61,3.0570409982174684,75.0,4.72,146,101.0,3,3,1,19,3,1,1,Mark,West,mark.west110@example.com,"[25.0, 12.0, 320.0, 10.0, 25.0]",pbkdf2:sha256:1000000$JGruhKNm3cOEABck$e5fc9d54804b9fcdfb8910c5a0347e3bc5ef774f97c9d32952eda293caa97628
22,156.3,56.4,19.27,30,0,122.4,28.31,8.55591111111111,12.4,6.77,1.8316100443131464,56.2,7.06,173,232.0,3,2,0,23,1,0,1,Alexandra,Holder,alexandra.holder111@example.com,"[35.0, 22.0, 320.0, 10.0, 22.3]",pbkdf2:sha256:1000000$flNuYI3IqLnS1zlo$3be84544a0ff2f2b857f209d84bab33f6fae1321566da14c6530824f44e24299
38,169.5,77.0,23.03,24,1,76.0,19.49,3.657382716049382,8.75,5.26,1.6634980988593158,73.2,7.45,190,128.0,1,1,1,19,3,0,0,Crystal,Rodriguez,crystal.rodriguez112@example.com,"[27.6, 12.0, 350.8, 10.0, 25.0]",pbkdf2:sha256:1000000$ytEvTAoKsivTaSZt$6183870c8e11675ab15828d19829d2745a90b7daa204c2428a9ba1a7b43a2cc7
43,156.7,70.5,26.63,39,1,98.0,9.82,2.3761975308641974,10.06,9.8,1.0265306122448978,41.1,1.54,208,170.0,3,1,0,21,2,0,0,Lauren,Wolf,lauren.wolf113@example.com,"[25.7, 12.0, 320.0, 14.1, 7.0]",pbkdf2:sha256:1000000$cingi8dEpgUlwf5U$cbc4d683ea966149c16f92e80cdcc18832b4e173352e7a6688002d5c91d251d8
22,143.6,59.2,23.14,24,1,86.1,13.23,2.8126,17.4,5.49,3.1693989071038247,63.3,10.49,224,164.0,3,3,1,1,1,1,0,Maria,Donovan,maria.donovan114@example.com,"[26.4, 12.0, 336.0, 10.0, 25.0]",pbkdf2:sha256:1000000$FP76yOyzMgmlX6Lg$3a8941ec39e2b9fd2a930d6f811422048f0f6fa243f9d44f1ddf64ec272a85f5
20,159.0,58.1,28.56,28,0,114.5,9.68,2.736691358024691,12.94,1.93,6.704663212435233,38.8,2.46,198,93.0,1,3,1,13,0,0,1,Kimberly,Holmes,kimberly.holmes115@example.com,"[26.3, 12.0, 334.6, 18.9, 7.0]",pbkdf2:sha256:1000000$0YQqlozUAbiDzFeD$259893632988431f20537baa00585f1e9aa5280651ad8d412b21b803b909d284
25,150.3,77.6,26.9,20,0,84.2,17.02,3.5384790123456793,2.86,6.06,0.47194719471947194,58.5,6.44,192,226.0,2,3,1,12,3,0,1,Elizabeth,Brown,elizabeth.brown116@example.com,"[27.5, 22.0, 348.7, 14.7, 25.0]",pbkdf2:sha256:1000000$nwK67fHSVgGYnggz$b7ede25e65f49133e1428a91f7b5aea2878665f5eabbdd86eeb085e1ea666f8d
40,153.8,55.5,25.06,37,1,113.7,16.25,4.562037037037037,10.52,8.58,1.2261072261072261,25.0,4.33,199,99.0,2,2,0,24,2,1,0,Nicholas,Russell,nicholas.russell117@example.com,"[29.0, 12.0, 320.0, 10.1, 7.0]",pbkdf2:sha256:1000000$E13hibQpds5Cifjg$bd8a6ce20ca79047a0d65e3519dec67ea4bed7413adf82add3769978b3649fea
28,164.1,59.6,17.37,37,0,80.1,3.19,0.6309111111111111,1.05,3.82,0.274869109947644,77.1,6.63,226,176.0,1,3,0,22,2,0,0,Jill,Brown,jill.brown118@example.com,"[25.0, 12.0, 320.0, 10.0, 25.0]",pbkdf2:sha256:1000000$d2tfNrQTQR3uBAvU$82fad5029e23a6309cfb4588d648826ea794152ac021ae801f9efab675fc3837
26,157.3,54.1,32.74,26,1,112.5,21.72,6.033333333333333,13.3,10.59,1.2559017941454202,104.2,8.51,183,103.0,2,1,1,24,1,1,0,Jamie,Allen,jamie.allen119@example.com,"[31.2, 12.0, 392.3, 29.4, 25.0]",pbkdf2:sha256:1000000$aIthfKGia4aLLriS$8e36acc36ad80af035394792125e5ae9860372cf0814430e4e3e221ce8a02fea
24,156.1,56.9,29.37,31,0,93.8,23.78,5.507565432098765,13.37,7.48,1.7874331550802136,38.4,6.7,178,96.0,3,2,0,17,2,0,1,James,Kennedy,james.kennedy120@example.com,"[30.4, 12.0, 320.0, 20.9, 7.0]",pbkdf2:sha256:1000000$yED0cqmoi0WRs7MU$8fe0dc10e925505a9f4ac0015c56e4dbb31b4237076a14fad81d11b47af2b4fd
25,152.5,73.5,22.8,32,1,94.4,5.4,1.2586666666666668,9.44,5.35,1.7644859813084113,58.2,4.48,188,151.0,1,1,1,21,1,0,0,Victoria,Murphy,victoria.murphy121@example.com,"[25.0, 12.0, 320.0, 10.0, 25.0]",pbkdf2:sha256:1000000$WBxvnc4SD0JPjXeb$a515ec5b93dbe1c1e4643fb91756609f8c6af84cb54b46ea0e153dc974f242e9
41,161.0,60.8,30.88,42,1,99.3,21.22,5.202829629629629,7.91,6.88,1.1497093023255813,28.9,3.75,161,120.0,1,1,0,24,0,0,1,Carlos,Smith,carlos.smith122@example.com,"[30.0, 12.0, 320.0, 24.7, 7.0]",pbkdf2:sha256:1000000$7XF0GmKf7o3pshv6$eb7b6dfc6ae42b88767bbef9faeb90ea20aa9f38362e17d0cf58bc2257f1d61f
24,158.7,61.2,26.31,30,0,109.6,21.14,5.720849382716049,10.37,4.28,2.422897196261682,47.2,4.81,171,177.0,3,2,0,11,0,0,0,Julie,Long,julie.long123@example.com,"[30.7, 12.0, 320.0, 13.3, 8.8]",pbkdf2:sha256:1000000$PhhVuIExRb9s5oRH$8ddee4d844783723b236dcb5a2899115c220bed1d564c3fdc9f3b48c7d538cf1
29,167.6,49.5,26.68,30,1,100.9,17.01,4.237800000000001,11.75,6.21,1.892109500805153,58.3,7.15,224,230.0,2,1,0,8,2,1,1,Valerie,Wright,valerie.wright124@example.com,"[28.5, 22.0, 320.0, 14.2, 25.0]",pbkdf2:sha256:1000000$5NAc53FMPMOif5DO$807624ed73df95f7b50cd85f13318b2362994d229041bc791a1200f658074a64
43,157.6,78.4,34.56,41,0,116.5,19.33,5.560358024691357,7.47,10.21,0.7316356513222331,69.7,4.11,184,138.0,3,2,1,18,2,1,1,Teresa,Edwards,teresa.edwards125@example.com,"[30.5, 12.0, 384.1, 33.9, 25.0]",pbkdf2:sha256:1000000$JGtohDZjaaQlrzA5$7527554c7d1d294a494e521661891e94859da59a5bd2ea0939603dd162fab3dd
34,160.2,61.2,25.46,26,1,95.8,15.63,3.6971703703703707,13.05,5.28,2.471590909090909,32.5,4.2,150,130.0,2,3,0,7,3,0,0,Tiffany,Randolph,tiffany.randolph126@example.com,"[27.7, 12.0, 320.0, 11.2, 7.0]",pbkdf2:sha256:1000000$hpF6tusNGxlXtYXM$cca53247e5a6b72a2f30f2f013af35041ad7d0d3946ecd6b6ba42846e7b93911
39,160.8,55.6,24.12,39,0,87.3,17.28,3.7248,16.79,8.25,2.035151515151515,79.1,10.43,202,136.0,1,2,1,23,0,0,0,Richard,Davis,richard.davis127@example.com,"[27.7, 12.0, 351.9, 10.0, 25.0]",pbkdf2:sha256:1000000$0ZLHre7R2sIbaho3$4f72da293a41668e2acc1a8a18e3f5c7d68f650ca0c1a4a3ab3fee732262e185
18,153.6,58.7,25.23,31,1,97.6,12.5,3.0123456790123457,11.87,5.97,1.9882747068676716,70.9,8.41,206,136.0,3,3,0,13,1,0,0,Christine,Willis,christine.willis128@example.com,"[26.7, 12.0, 320.0, 10.6, 25.0]",pbkdf2:sha256:1000000$mHa89aGsEwaHvWNk$4baa0455579cd7f4ee18b1c4ffe9bc7608ad1fda67fe53925cf5a6be8ea72c76
29,150.7,67.3,25.56,23,0,80.2,26.37,5.221911111111112,6.75,4.97,1.358148893360161,54.5,8.61,249,166.0,2,3,0,23,0,0,0,Dana,Thomas,dana.thomas129@example.com,"[30.0, 12.0, 320.0, 11.4, 19.8]",pbkdf2:sha256:1000000$Tpz2pfRkQgONh422$2caddce3703d1dbafb22f629f18897e4c700732d9d2ca0f7c41a2d41e93240c2
25,155.0,42.7,22.72,35,1,78.0,13.85,2.6674074074074072,7.74,7.03,1.10099573257468,51.5,5.92,191,87.0,1,1,1,24,3,0,1,Mary,Cooper,mary.cooper130@example.com,"[26.2, 12.0, 333.4, 10.0, 15.2]",pbkdf2:sha256:1000000$zBHtjlekx5vHYDGO$d3c7833ec04acc60ff72c495695aedb070f7f8a42e2966ebc4fafa3a9bdf586e
26,165.5,64.1,22.28,39,1,106.5,8.99,2.364037037037037,8.84,9.4,0.9404255319148935,62.6,7.06,220,129.0,1,1,0,5,1,0,0,Logan,Jones,logan.jones131@example.com,"[25.7, 12.0, 320.0, 10.0, 25.0]",pbkdf2:sha256:1000000$PjC4p86WaRYThITq$3c5cf42411e41d2a724c1106c22fb01688210c6f0016b560c046fadcc86326c3
23,144.8,60.6,20.98,22,0,85.0,12.53,2.629753086419753,8.34,7.17,1.1631799163179917,49.9,8.35,154,116.0,1,3,0,16,1,0,0,Andrew,Cole,andrew.cole132@example.com,"[26.1, 12.0, 320.0, 10.0, 12.8]",pbkdf2:sha256:1000000$kck4b1Mjws45FP4x$2886f370bc7913c811b68bf5b49314017aaf44a65e61ca3c8b4d4fbb0f4f4282
30,146.3,64.0,20.37,33,1,72.5,5.98,1.0704938271604938,2.58,5.67,0.45502645502645506,46.2,7.34,194,125.0,2,3,0,21,1,0,0,Dean,Parker,dean.parker133@example.com,"[25.0, 12.0, 320.0, 10.0, 7.3]",pbkdf2:sha256:1000000$znWjjxEZc7NYkaSi$2ec10e374668b99e1e5ae298dc714be35d18d621c7ed91556428a0b8639d8000
39,156.4,69.7,17.2,31,0,81.9,13.71,2.772466666666667,13.37,8.5,1.572941176470588,35.3,6.34,232,102.0,1,1,0,24,2,0,0,Joan,Webster,joan.webster134@example.com,"[26.3, 12.0, 320.0, 10.0, 7.0]",pbkdf2:sha256:1000000$LOBN5oV6lECs0aSx$b2342b55a9eb4f9a152505289f6fbbe23c8ad28728fd01d74a425508ea4b8e95
40,146.2,67.8,27.7,23,0,80.4,7.98,1.5841777777777781,14.33,6.62,2.1646525679758306,60.4,9.63,150,204.0,3,1,1,8,1,0,0,Sean,Walker,sean.walker135@example.com,"[25.0, 18.5, 320.0, 16.8, 25.0]",pbkdf2:sha256:1000000$nq3P0VCWx7WHpsGV$903e9c4d83f7ea1320da2565e8a50a7f475a99a334b129bd5e009348dd6e8ee3
36,166.0,41.7,30.91,42,1,100.8,9.33,2.3221333333333334,4.56,7.76,0.5876288659793814,56.0,5.11,222,85.0,3,3,0,17,2,0,0,Courtney,Cruz,courtney.cruz136@example.com,"[25.6, 12.0, 320.0, 24.8, 22.0]",pbkdf2:sha256:1000000$CZZyi2e8cwZcUcK1$4590270bcfb6bf07b67932eeb0c27534f756865e9e0a8f728f619e3f36bbb246
18,164.6,43.5,24.05,33,1,84.6,14.61,3.0518666666666663,5.26,5.9,0.8915254237288135,26.9,6.29,234,114.0,2,3,0,5,1,0,1,Traci,Cannon,traci.cannon137@example.com,"[26.7, 12.0, 320.0, 10.0, 7.0]",pbkdf2:sha256:1000000$6vz2V60nq2YfbCkd$5825e1ac7e8a59ede3e54153deefcf128a21961e93bb9302c004a5f3fe337d1d
18,157.5,92.8,21.97,30,1,87.4,3.47,0.7488345679012346,14.11,6.71,2.1028315946348735,38.0,3.93,160,231.0,2,2,0,4,2,0,0,Michaela,Nelson,michaela.nelson138@example.com,"[25.0, 22.0, 320.0, 10.0, 7.0]",pbkdf2:sha256:1000000$nRhXiqc3j1gvAwf9$8cd3d14d549606db07cbcb7da280facdb5a17b503c43e960a6f76499933315b5
18,154.5,62.5,31.27,43,1,110.2,16.58,4.511397530864197,12.9,6.62,1.948640483383686,32.9,5.73,178,91.0,2,3,0,5,3,0,0,Katie,Henderson,katie.henderson139@example.com,"[28.9, 12.0, 320.0, 25.7, 7.0]",pbkdf2:sha256:1000000$1PR0JxrDmNBycRQU$674bf5156f598c5d660b7132ab41ce1fd50322ad8da73295566619039491e31c
19,142.5,51.3,14.83,26,1,89.0,9.63,2.1162222222222224,11.36,3.49,3.255014326647564,67.6,2.38,208,81.0,1,1,0,15,0,1,0,Jonathan,Wilson,jonathan.wilson140@example.com,"[25.3, 12.0, 320.0, 10.0, 25.0]",pbkdf2:sha256:1000000$m5TjzEjag78YvcOM$3bc88f66cfea94ec694a8d247f56cd8f94009de55cfaca36ba95be86da956436
19,154.9,43.5,19.29,39,0,105.6,18.51,4.826311111111111,12.52,6.47,1.9350850077279753,57.8,3.85,178,108.0,2,2,0,3,0,0,0,William,Banks,william.banks141@example.com,"[29.4, 12.0, 320.0, 10.0, 24.7]",pbkdf2:sha256:1000000$XV6kzRmfPJCtZ7zd$7dde1b86989ad8b7556361112219006593c7e41ef19964005d2c4ae9bba95a6d
18,160.9,57.0,30.7,38,1,101.1,26.18,6.535303703703703,6.92,8.46,0.817966903073286,23.1,7.38,172,156.0,1,3,1,17,1,0,0,Jonathan,Davis,jonathan.davis142@example.com,"[32.0, 12.0, 401.1, 24.2, 7.0]",pbkdf2:sha256:1000000$5UrGS9meGn0VZdA0$a5dff1de8c72c595bb90877babe074a079d2ca74cddcba08d333909848957ad4
41,168.0,87.9,19.83,36,1,116.7,13.51,3.8928814814814814,13.04,7.01,1.8601997146932951,47.8,4.9,157,143.0,1,2,0,4,1,0,0,Brenda,Rose,brenda.rose143@example.com,"[28.0, 12.0, 320.0, 10.0, 9.7]",pbkdf2:sha256:1000000$bbuIZVLNSTa9PIvV$ca11ff139d56ba65a3c751c61493e72a0d1445546d1d7f23e38375af20e18dd0
41,147.4,72.1,20.6,33,1,95.4,2.73,0.6430666666666667,11.9,4.21,2.826603325415677,103.0,5.49,216,188.0,1,2,1,21,1,0,1,Jennifer,Cline,jennifer.cline144@example.com,"[25.0, 12.0, 320.0, 10.0, 25.0]",pbkdf2:sha256:1000000$CGom3SaOrpvBqw22$2a7aaa266986967491c7bf3ffc0b22995f44e1a7903445b2b307cff851430ee6
25,151.1,79.5,27.76,40,0,115.8,13.91,3.9772296296296297,12.85,4.49,2.861915367483296,77.3,5.89,196,109.0,2,3,0,10,3,0,0,Garrett,Mcpherson,garrett.mcpherson145@example.com,"[28.1, 12.0, 320.0, 16.9, 25.0]",pbkdf2:sha256:1000000$uj12XG4XYpIAq3a5$341bca4566f8e8115f2c178962141b133a2c1955e5c25fcc682955439c02b834
18,151.3,57.6,18.91,27,1,115.4,3.16,0.9004049382716051,4.17,5.46,0.7637362637362637,48.8,3.6,197,53.0,1,1,0,7,3,0,0,Keith,Paul,keith.paul146@example.com,"[23.5, 12.0, 320.0, 10.0, 11.2]",pbkdf2:sha256:1000000$nqVBwIEZqUrETome$78612662c628fd16bb396092f5866da3ef1526afe6c8c41c9a521af1253ce930
20,153.9,37.9,27.55,18,1,92.8,12.14,2.781708641975309,11.24,8.73,1.2875143184421534,31.5,8.27,205,78.0,2,3,0,18,2,0,0,Jimmy,Wolf,jimmy.wolf147@example.com,"[26.3, 12.0, 320.0, 16.4, 7.0]",pbkdf2:sha256:1000000$aQ81LNStuj2q41SP$128513978fde934a924b46c84bcc012abf4f86dd505abba85d11710185686f4f
20,163.8,63.4,12.57,33,0,97.2,3.53,0.8472,20.06,7.63,2.6290956749672345,94.0,7.7,169,234.0,1,2,1,19,1,1,0,Michael,Mills,michael.mills148@example.com,"[25.0, 22.0, 320.0, 10.0, 25.0]",pbkdf2:sha256:1000000$THHxRELTfi0dUKzR$b566c8aa1e300615e702ef5d2679b0ecf3392bc063bb38ae740e5e2091c4ed28
33,160.6,63.8,28.82,32,0,102.7,3.49,0.8849950617283953,15.12,7.17,2.108786610878661,25.5,4.3,230,254.0,2,3,0,23,3,0,0,Nicole,Gallagher,nicole.gallagher149@example.com,"[23.5, 22.0, 320.0, 19.6, 7.0]",pbkdf2:sha256:1000000$wIriFYOto7aefHKX$0f74b923477d2630d38f7bf9c0064ad5af0d8b72a819aa1e243adb5e0f54b034
31,158.2,67.5,29.19,29,0,98.0,13.85,3.351358024691358,21.59,9.21,2.344191096634093,13.7,1.01,142,272.0,2,3,0,1,2,0,1,Katherine,Hendricks,katherine.hendricks150@example.com,"[27.2, 22.0, 320.0, 20.5, 7.0]",pbkdf2:sha256:1000000$VH2EccP57UihHDnJ$14673b1f68beb83894633c10d2aea554a47916c0b82afac96aad5bb4435dd480
43,143.0,46.0,21.53,22,0,116.9,20.02,5.778612345679012,14.96,7.15,2.0923076923076924,85.3,2.26,273,79.0,3,3,0,19,1,0,1,Robert,King,robert.king151@example.com,"[30.8, 12.0, 320.0, 10.0, 25.0]",pbkdf2:sha256:1000000$WwvJcdbptFHhS2fD$b871b1d1b5a99dc728346e6bfb4817c83f705a3f45311674f74399406b94440f
22,156.2,55.2,22.76,37,0,87.4,5.37,1.1588592592592593,10.35,3.35,3.08955223880597,64.4,9.07,178,115.0,2,1,0,18,2,0,1,Maria,Silva,maria.silva152@example.com,"[25.0, 12.0, 320.0, 10.0, 25.0]",pbkdf2:sha256:1000000$062eowPbnBwQ3JiS$7d44dc704ebe430fa257edb007eff5d5ccf70bef599a3c6795dada2e85115b73
26,148.4,51.0,24.06,32,1,102.9,14.36,3.6485037037037036,10.57,4.04,2.616336633663366,91.8,7.46,185,192.0,2,2,0,4,0,0,0,Joseph,Hendrix,joseph.hendrix153@example.com,"[27.6, 12.0, 320.0, 10.0, 25.0]",pbkdf2:sha256:1000000$ggbQcdW4KeXDNE0h$f14aa27b26b5d52f4142d362745e9d429ab3957beb8931c03183d998c9a13359
44,153.6,53.6,27.69,33,1,96.3,7.24,1.721511111111111,6.6,1.89,3.492063492063492,60.9,5.08,303,190.0,1,1,0,15,1,0,0,Patricia,Marsh,patricia.marsh154@example.com,"[25.0, 12.0, 320.0, 16.7, 25.0]",pbkdf2:sha256:1000000$p7IDrynJsrDLY6r6$d0c12cfd47165fd46ce02f36927119cbd3b7d07715dba87a9807dfac8c72305b
18,152.2,53.1,28.32,30,1,127.7,13.77,4.3418,6.98,7.97,0.875784190715182,82.9,8.91,189,72.0,3,2,1,5,3,0,1,Steven,Brock,steven.brock155@example.com,"[28.7, 12.0, 362.7, 18.3, 25.0]",pbkdf2:sha256:1000000$WUWHXDKgtLXpdV3S$36e12fa1311eb03f322f02496c62e3d01a27460e8304cec794d0305d0a8897fa
44,154.4,68.9,30.72,41,0,109.8,14.71,3.9880444444444447,4.87,6.85,0.710948905109489,24.2,5.57,193,176.0,3,3,1,0,3,0,0,Raymond,Roberts,raymond.roberts156@example.com,"[28.1, 12.0, 356.5, 24.3, 7.0]",pbkdf2:sha256:1000000$NRkIwdcgQcb0UZM5$e9f8f6b12d74862250286ed35dc78cdd297e996cfec1db63e819c171fa1d4714
35,161.0,70.9,27.51,35,0,79.4,7.81,1.5311456790123457,13.01,6.75,1.9274074074074075,23.9,6.76,180,112.0,2,1,1,9,1,0,0,Lisa,Obrien,lisa.obrien157@example.com,"[25.0, 12.0, 320.0, 16.3, 7.0]",pbkdf2:sha256:1000000$Ls5XmguoTbiUtVTd$17ff697cc2c8e27a3d27b4d263c832badbc26c8b27161d9821ff95f7ac75baaf
18,161.0,48.7,23.56,33,0,78.3,22.89,4.4254,14.61,5.62,2.5996441281138787,41.7,3.98,112,62.0,1,3,1,17,2,0,0,Julia,Jones,julia.jones158@example.com,"[28.8, 12.0, 364.2, 10.0, 7.0]",pbkdf2:sha256:1000000$M6WKZDpMIkNeElRe$b06ba092d133cb1ad5fa94d62927ce6e9fae78882ce0865379ff23605cdd0fc6
33,154.4,57.1,30.27,27,0,114.1,4.21,1.1860765432098765,20.95,9.35,2.2406417112299466,70.5,5.76,193,100.0,1,1,0,6,0,0,0,Alexandra,Butler,alexandra.butler159@example.com,"[23.9, 12.0, 320.0, 23.2, 25.0]",pbkdf2:sha256:1000000$H6Re28PpmVQNN4d6$6738b5ff44aca586c110cf850f7cad00ed01ac670e31639f18c7ab5937145ff9
18,153.2,65.4,32.8,30,0,124.9,14.69,4.530323456790123,18.82,4.31,4.366589327146172,53.8,10.58,164,178.0,1,1,1,17,0,1,0,Billy,Richard,billy.richard160@example.com,"[28.9, 12.0, 366.0, 29.5, 18.7]",pbkdf2:sha256:1000000$bRU8g5CmIcFm4Zzk$93d4d8e6a8ec4bbf5f57f1a6454453ea85a7a2e478a2d7b61906c7cba67bd42a
24,160.1,57.1,23.33,31,1,75.6,9.49,1.7714666666666665,2.82,5.73,0.49214659685863865,64.1,7.59,192,68.0,1,3,1,21,0,1,0,Shawn,Mendoza,shawn.mendoza161@example.com,"[25.0, 12.0, 320.0, 10.0, 25.0]",pbkdf2:sha256:1000000$0COuLweFYURCF7Pf$1f2df54e8323fc70e463f929f661a9dc28a1aa53e0d931a88e4c34b5ff893609
29,146.9,50.1,18.95,40,0,82.8,7.4,1.512888888888889,17.94,7.45,2.408053691275168,37.5,1.51,194,199.0,1,3,0,4,2,1,0,Becky,Howell,becky.howell162@example.com,"[25.0, 12.0, 320.0, 10.0, 7.0]",pbkdf2:sha256:1000000$zeCmGk9NK8reUcOw$d7627c1769465d18a971470cb08e9632f4fd62767e702986aebcede7ab0d51ad
23,158.7,90.4,26.72,38,0,90.5,13.44,3.0032592592592593,6.78,6.71,1.0104321907600597,0.9,5.53,206,187.0,3,2,0,14,0,0,0,David,Gonzalez,david.gonzalez163@example.com,"[26.7, 12.0, 320.0, 14.3, 7.0]",pbkdf2:sha256:1000000$CP1DVvQG4Df4aFIE$a4f28f90970e89028410299354a67cf2a6b5040d82f5dad74748dc8bacd6d944
19,151.8,78.5,19.29,37,0,91.1,27.15,6.107074074074074,14.47,7.75,1.8670967741935485,57.6,6.24,224,139.0,1,2,0,24,3,0,1,Corey,Little,corey.little164@example.com,"[31.3, 12.0, 320.0, 10.0, 24.4]",pbkdf2:sha256:1000000$drycDtSVxCG9TslP$a54040e829a865a14089b2e1f9867b1f3aad1c41edfd0d6263e3ad9becfb5c83
40,160.7,63.1,24.64,25,0,84.5,16.52,3.4467654320987657,10.04,8.2,1.224390243902439,38.1,6.7,209,214.0,1,3,0,5,0,0,0,Geoffrey,Neal,geoffrey.neal165@example.com,"[27.3, 12.0, 320.0, 10.0, 7.0]",pbkdf2:sha256:1000000$zwace2R5vYeq7l3K$31253a0a91a2d85ee654a142a22fd1405f6b7862643b206ecbb5c206379908f8
20,164.4,66.9,29.15,33,1,80.6,16.02,3.1881777777777773,16.54,5.24,3.15648854961832,85.5,3.32,191,91.0,2,1,1,19,0,1,1,Krystal,Goodman,krystal.goodman166@example.com,"[26.9, 12.0, 342.5, 20.4, 25.0]",pbkdf2:sha256:1000000$nF0FuyPljJzVUkPw$4b9811fbff30f069de77bf739a802fe144c8b323fdf02aedc0c7ccfa6056818c
20,154.7,66.5,20.82,26,1,102.8,7.65,1.9417777777777776,13.45,4.78,2.813807531380753,72.6,5.7,183,113.0,1,1,1,8,0,0,0,Tina,Holmes,tina.holmes167@example.com,"[25.1, 12.0, 320.7, 10.0, 25.0]",pbkdf2:sha256:1000000$wlBayWZaCabMRSjx$d80bf2d7b317041a8ff3a45010849269ba3cb920048a2f08d09244621777044a
32,165.2,58.4,14.09,41,0,83.2,19.95,4.09837037037037,7.32,4.91,1.490835030549898,28.1,4.35,193,130.0,2,1,0,8,3,0,0,Amanda,Lane,amanda.lane168@example.com,"[28.3, 12.0, 320.0, 10.0, 7.0]",pbkdf2:sha256:1000000$wqe8wX2bvziburR3$f95ede0feb09db14251bebdb8a326f638d30c95470df901644512af2ee6bfd4f
18,175.0,83.7,22.33,26,1,83.2,16.91,3.473856790123457,15.88,10.33,1.537270087124879,65.5,4.17,181,78.0,1,1,0,11,3,0,1,Cassandra,Stone,cassandra.stone169@example.com,"[27.4, 12.0, 320.0, 10.0, 25.0]",pbkdf2:sha256:1000000$lxhQR2c1FKFxbWIg$7b9b3069ad582fe70d90b593d523fdb94961c5d42d7a866c6c9e63c9869e8b94
37,156.9,86.3,30.0,25,1,105.4,16.4,4.2680493827160495,1.29,8.96,0.14397321428571427,49.2,5.3,222,67.0,1,3,0,5,2,1,0,Jonathon,Miles,jonathon.miles170@example.com,"[28.6, 12.0, 320.0, 22.5, 11.8]",pbkdf2:sha256:1000000$iUzFGuLdQOaCZtpR$9d5e502e8eac474f06ec7a5cc230598f53a4fc1d834856b912a36ec841c93e07
18,148.6,68.0,25.65,27,1,88.7,14.71,3.2216716049382716,11.01,4.02,2.738805970149254,53.0,7.82,181,284.0,1,3,1,0,3,0,0,Kathryn,Reed,kathryn.reed171@example.com,"[27.0, 22.0, 343.1, 11.6, 17.5]",pbkdf2:sha256:1000000$RhyGas0gyA7AeV2y$71d74cf2e4b55e08b52dc241367dbe315c76f229436b000956c8801c1f3bdb75
24,158.4,65.6,24.13,29,0,84.5,13.5,2.816666666666667,16.37,6.29,2.6025437201907793,54.0,3.09,161,86.0,3,1,1,19,2,0,0,Cory,Willis,cory.willis172@example.com,"[26.4, 12.0, 336.0, 10.0, 19.0]",pbkdf2:sha256:1000000$QYAjY4pUbCCyX0Xm$76f283e4daae6cb12aa30a6a0b18ed1f4700e46e3033f09fc1fef02a718b1a0a
40,162.3,34.6,25.7,15,0,101.6,21.16,5.3082864197530855,9.13,7.32,1.2472677595628416,58.4,4.82,215,61.0,2,3,0,24,2,0,0,John,Murphy,john.murphy173@example.com,"[30.1, 12.0, 320.0, 11.7, 25.0]",pbkdf2:sha256:1000000$34KUuF2LWNbhieVy$2e7c0ea9e9e7110b1f692eeeecd99561a8e462a73b415fcff137e68feb5e76ab
18,152.8,59.4,19.63,30,0,102.1,19.95,5.02937037037037,13.31,4.6,2.8934782608695655,66.9,6.88,208,202.0,2,3,0,17,0,0,0,Nancy,Norton,nancy.norton174@example.com,"[29.7, 12.0, 320.0, 10.0, 25.0]",pbkdf2:sha256:1000000$11t4Gp07z0lS1bkm$18f1f16f14581ec31af8b73d71b84bad7ef86477364aa81177c3e52bbf574dbd
27,168.3,54.4,24.74,30,0,86.2,23.19,4.935748148148148,8.54,8.92,0.9573991031390133,64.9,2.98,238,181.0,1,3,0,22,2,0,0,Stephanie,Aguilar,stephanie.aguilar175@example.com,"[29.6, 12.0, 320.0, 10.0, 25.0]",pbkdf2:sha256:1000000$f4UHXkUzV7Azmuj2$032916f150698d35fbe362bb548d7421dc109326b90f44b7a80a366545bf1cf2
24,154.0,65.3,32.53,25,0,116.0,12.89,3.6919506172839505,12.12,8.59,1.410942956926659,72.2,4.06,202,197.0,3,2,1,20,0,0,0,Jessica,Wright,jessica.wright176@example.com,"[27.7, 12.0, 351.4, 28.8, 25.0]",pbkdf2:sha256:1000000$JA5dOyKez3oMWFpq$2ee1b5b6c45eaffbd6c243aed2ab773467cd22210b9bd16c91d60bb5480677d4
24,144.1,71.8,29.14,28,0,110.9,7.24,1.9825086419753088,12.69,3.01,4.21594684385382,58.7,6.94,182,67.0,1,3,0,9,2,1,1,Colleen,Pierce,colleen.pierce177@example.com,"[25.1, 12.0, 320.0, 20.4, 25.0]",pbkdf2:sha256:1000000$qw7FElPnijSDBsvl$356eec7925f77f2ba6e209bce2ee4c32b37ef06d73021c8ef9cee4b3f1048adf
36,162.9,61.0,25.42,40,0,93.6,16.31,3.7694222222222216,13.1,6.39,2.0500782472613457,51.7,6.92,122,140.0,1,2,0,2,1,0,0,James,Walsh,james.walsh178@example.com,"[27.8, 12.0, 320.0, 11.1, 15.6]",pbkdf2:sha256:1000000$0lIVj9L8F5anqtfK$fd94cc0c0f3f10cb0f1a60e0f76b2780ba3a86ebc6531c7f05fc6497da5e8ad7
36,160.9,65.8,27.08,27,0,96.1,13.42,3.18435061728395,11.43,6.37,1.7943485086342228,64.1,2.64,195,112.0,1,3,0,21,3,0,1,Dana,White,dana.white179@example.com,"[26.9, 12.0, 320.0, 15.2, 25.0]",pbkdf2:sha256:1000000$fNnVtGzoX6M7ukL9$a1bd7b852dd9940f151922a7fad03dcbc5f7a5351f5e7c2caff2421c3e25c565
23,162.9,75.2,32.92,28,0,91.4,18.83,4.249535802469135,6.25,7.96,0.785175879396985,69.5,9.77,193,51.0,2,2,0,11,1,0,0,Kimberly,Ramirez,kimberly.ramirez180@example.com,"[28.5, 12.0, 320.0, 29.8, 25.0]",pbkdf2:sha256:1000000$tSZendeEbClUsuNZ$63a857f7239fe68936ba581881eb6512e550b6a8d8faa6cb0d4f31adfbc90364
40,158.8,53.7,24.31,29,1,88.5,1.88,0.4108148148148148,10.67,2.75,3.88,77.2,8.86,158,202.0,2,2,0,19,2,0,0,Pamela,Hill,pamela.hill181@example.com,"[25.0, 16.5, 320.0, 10.0, 25.0]",pbkdf2:sha256:1000000$irkFdJ3UezlnKPc1$83bc847b838fb066a902e928d1f2066da2010a167843e499c3354babdef6ed59
41,149.4,57.2,19.63,29,0,110.4,13.12,3.576414814814815,5.03,4.36,1.1536697247706422,43.9,7.55,215,160.0,3,2,0,8,3,0,0,Olivia,Adkins,olivia.adkins182@example.com,"[27.5, 12.0, 320.0, 10.0, 7.0]",pbkdf2:sha256:1000000$LussO8jhJ2ops1V7$276778f7192eed383e6adb64256a04830585346f0a81bd225ccf6d63db5ed569
28,170.3,82.2,27.63,34,1,99.4,13.95,3.423777777777778,11.66,6.05,1.9272727272727272,57.8,3.08,176,106.0,2,2,0,17,3,1,1,Kyle,Moore,kyle.moore183@example.com,"[27.3, 12.0, 320.0, 16.6, 24.7]",pbkdf2:sha256:1000000$7YMIiptBOfpqFa6w$705778332f2fe594506f2dd66a37f0b414025f4854eaf5600000d6689587ce26
31,146.7,52.4,17.78,31,0,69.6,12.57,2.1601777777777778,6.28,3.8,1.6526315789473687,50.9,9.53,189,160.0,1,2,1,22,3,1,0,William,Wood,william.wood184@example.com,"[25.4, 12.0, 324.6, 10.0, 14.3]",pbkdf2:sha256:1000000$1Jyog045DsVJ2RlW$7df1d75436fac17e52c34760415ab3f794103b587b223d2ccc84225485206242
38,160.1,60.3,26.86,40,0,94.2,20.11,4.677437037037037,11.19,7.38,1.5162601626016259,75.5,4.09,204,162.0,3,1,0,2,0,0,0,Charlene,Vasquez,charlene.vasquez185@example.com,"[29.2, 12.0, 320.0, 14.6, 25.0]",pbkdf2:sha256:1000000$l0vOOTagUD7NCbXK$3b573a882ee6241d515da8ea661a648bfe9cbc6fab4a45693e21e70727197d57
21,161.1,57.8,29.35,26,0,82.6,4.33,0.8831061728395061,12.01,6.36,1.8883647798742138,23.3,7.58,146,198.0,1,1,1,17,0,0,0,Antonio,Roberts,antonio.roberts186@example.com,"[25.0, 12.0, 320.0, 20.9, 7.0]",pbkdf2:sha256:1000000$UIVXxjuA9zq7vzM1$3e7fe978a584880543781e1d219f603b7fc5e367cb4b45f606c4780d8abb55d5
34,164.0,78.2,25.7,38,0,102.0,15.12,3.808,8.58,4.61,1.8611713665943599,40.2,7.53,114,99.0,3,3,0,24,3,0,0,Amy,Holt,amy.holt187@example.com,"[27.9, 12.0, 320.0, 11.7, 7.0]",pbkdf2:sha256:1000000$k8MOkFnnS8w5oK8P$a82e3843464a7aa6452598f459c9ea9ef3129f57e40dc6718a747703de47a56f
43,166.1,60.6,18.41,29,0,85.4,8.74,1.8429530864197532,16.84,8.92,1.8878923766816142,27.0,4.59,194,203.0,2,3,0,1,2,0,0,John,Dunn,john.dunn188@example.com,"[25.0, 18.0, 320.0, 10.0, 7.0]",pbkdf2:sha256:1000000$dfyLmp5ExIwU2gSL$aabaa6d929430ea7c3e27ab43cdae7ae53356f2a869add4940f37d39fc212db0
24,153.7,62.2,19.85,25,0,111.6,13.3,3.6648888888888886,13.13,10.19,1.2885181550539746,73.4,6.33,192,172.0,3,1,0,6,3,1,0,James,Adkins,james.adkins189@example.com,"[27.6, 12.0, 320.0, 10.0, 25.0]",pbkdf2:sha256:1000000$Km2uDMr6SARDZlde$4844bcad4efd601d1e01ab09d0630a5e98605f357c4fcfcbd62c1a10cc030ab8
25,150.5,58.1,29.19,31,0,120.8,14.38,4.2891456790123454,16.07,7.66,2.097911227154047,59.6,8.03,225,209.0,2,3,1,24,3,0,0,Crystal,Torres,crystal.torres190@example.com,"[28.6, 22.0, 361.8, 20.5, 25.0]",pbkdf2:sha256:1000000$gBHUoBne3jevmegk$dad597fba14d09eeaa48ac7147ab110dcb2b114da82e0cbd1f8ec9548a1864bc
23,161.8,56.3,23.82,16,1,52.7,7.88,1.025372839506173,17.13,7.82,2.1905370843989767,51.1,8.72,195,72.0,1,2,0,9,0,0,0,Dennis,Mercer,dennis.mercer191@example.com,"[25.0, 12.0, 320.0, 10.0, 14.7]",pbkdf2:sha256:1000000$Bxv4bdtifJE0iQRg$ba86a0d31233ee3cfdc852f749a62336a742bc5b6a291be931a15ba759ffc988
40,153.1,51.4,26.37,44,1,87.5,21.3,4.601851851851852,3.0,7.37,0.40705563093622793,64.3,4.7,226,71.0,3,2,1,23,1,1,0,Gregory,Knight,gregory.knight192@example.com,"[29.1, 12.0, 367.3, 13.4, 25.0]",pbkdf2:sha256:1000000$0MAQnzhe2FkGZbev$0bc711ada0f5d96e6771c6ce486b8455fdc6729cf52269845ecaae61ec0e3961
30,158.4,74.3,29.54,22,1,81.1,11.88,2.3789333333333333,2.6,6.58,0.3951367781155015,48.6,5.73,199,138.0,1,3,1,15,3,1,0,Eric,Hill,eric.hill193@example.com,"[25.7, 12.0, 328.4, 21.3, 10.9]",pbkdf2:sha256:1000000$MEy6b5xJRXsmCxN2$67fee47012a75f7af79c57c3e46d5247720e9cbbe9943b4abfac3ed058af76ce
42,167.5,75.5,26.45,36,1,99.5,36.29,8.915691358024691,6.15,6.9,0.8913043478260869,37.9,7.6,131,171.0,1,1,1,20,1,0,0,Jacob,Harrell,jacob.harrell194@example.com,"[35.5, 12.0, 442.8, 13.6, 7.0]",pbkdf2:sha256:1000000$x2YmwRyTNSApCMcQ$e4789b9824922888583667d524177f867a80d011ccf8a86a57032f1437584e88
28,157.1,78.3,21.49,13,1,76.8,17.46,3.3109333333333337,14.19,4.71,3.0127388535031847,54.5,2.22,217,111.0,2,3,1,19,0,0,0,Zachary,Rodriguez,zachary.rodriguez195@example.com,"[27.1, 12.0, 344.7, 10.0, 19.8]",pbkdf2:sha256:1000000$wuCAaEbPG9ZqN1wc$6ad15ef8b38ac39562dcb731a9a77d0a056d3a4a717f7990ad3831aa7695d5f2
42,153.3,69.4,26.39,38,0,90.3,2.19,0.48828888888888883,8.74,4.11,2.1265206812652067,17.2,4.12,204,182.0,3,1,0,2,2,0,0,Benjamin,Greene,benjamin.greene196@example.com,"[25.0, 12.0, 320.0, 13.5, 7.0]",pbkdf2:sha256:1000000$4CynnEHHoedkmdjM$9f6988a9c24ce8c2c0b40b820a55de647633301a0e1c73ab95aee07427308ec8
36,160.5,47.6,25.48,30,1,52.4,19.48,2.520375308641975,15.72,8.79,1.7883959044368603,24.4,8.43,202,119.0,1,2,0,6,2,0,0,John,Ayala,john.ayala197@example.com,"[25.9, 12.0, 320.0, 11.2, 7.0]",pbkdf2:sha256:1000000$cR9a1AEDOFdP7stY$3ece7f6abef9aba33ada6ac556fe0b15568ed80b177d741cca14d22575942734
39,152.7,41.4,28.59,30,1,75.6,25.05,4.676,7.01,7.65,0.9163398692810457,47.5,6.28,164,116.0,1,2,0,5,3,1,0,Chelsea,Estrada,chelsea.estrada198@example.com,"[29.2, 12.0, 320.0, 19.0, 9.2]",pbkdf2:sha256:1000000$cBYzIlJwhIPRgRn2$542c9e5f0cfd049c4cfed1597c6aa0fe433120ea826f6b3df8e515201a867571
26,146.5,66.3,19.09,31,1,103.8,30.04,7.699140740740741,7.45,3.77,1.9761273209549073,72.4,8.3,227,205.0,3,3,1,8,2,0,1,Gregory,Robinson,gregory.robinson199@example.com,"[33.7, 21.0, 421.5, 10.0, 25.0]",pbkdf2:sha256:1000000$p8u6xLJujZ6xMtAT$808d9fbea35689d967513d67a1b3d820eca4215333720ce7a70d936c5a16840d
31,159.2,59.3,20.06,31,0,89.9,9.98,2.2153135802469137,11.61,8.55,1.357894736842105,67.0,4.4,176,188.0,1,1,1,20,3,0,1,Kristina,Archer,kristina.archer200@example.com,"[25.5, 12.0, 325.5, 10.0, 25.0]",pbkdf2:sha256:1000000$MAxy4nV638IC9cep$5157a49cf9246a536d5649ba247d0ec421ba52e9f3478ded7a6005182b00bb76
37,152.1,68.1,22.51,28,1,85.5,3.99,0.8423333333333334,10.93,5.94,1.84006734006734,62.4,7.59,283,249.0,2,3,1,5,2,0,0,Thomas,Owens,thomas.owens201@example.com,"[25.0, 22.0, 320.0, 10.0, 25.0]",pbkdf2:sha256:1000000$A6lU7atFmnXlUKiL$72aa2ee82d4889b3232e792ff3cf6313730c2e9cbf57ac143f8b86acc3827b94
29,148.9,45.1,27.65,35,0,84.3,17.12,3.5634962962962966,7.82,4.84,1.615702479338843,34.6,4.89,222,174.0,2,2,0,16,1,0,1,Tracy,Rodriguez,tracy.rodriguez202@example.com,"[27.5, 12.0, 320.0, 16.6, 7.0]",pbkdf2:sha256:1000000$B9KGl1BujxPjFrIG$5c101969aeca75dbbd011e5204ca50965404939e4248e2d6606cfaf6a1a144d5
29,157.4,60.2,22.82,51,0,106.2,8.4,2.2026666666666666,18.09,7.34,2.464577656675749,64.8,4.32,201,105.0,2,1,1,22,1,0,0,Gregory,Davis,gregory.davis203@example.com,"[25.5, 12.0, 325.3, 10.0, 25.0]",pbkdf2:sha256:1000000$40jylKhobkiH0hrY$0e45a71a453eec9bec94354602e1b0e3bbce3f706dd9ce2aebc26a744da21765
31,152.0,56.9,20.43,30,0,104.0,12.04,3.091753086419753,17.04,9.65,1.76580310880829,34.7,3.11,196,160.0,3,1,1,20,1,1,0,Cory,Bell,cory.bell204@example.com,"[26.8, 12.0, 340.9, 10.0, 7.0]",pbkdf2:sha256:1000000$SeskG07EG1tVP9ld$5f5b1556c468e70e7b9ab9f2b26a9872e8298ae71fb2d41dbce2e69b42411512
27,143.4,63.1,25.94,33,1,116.7,15.49,4.463414814814815,9.56,7.32,1.3060109289617488,52.6,5.42,189,86.0,1,1,0,7,0,0,0,Gary,Frye,gary.frye205@example.com,"[28.8, 12.0, 320.0, 12.4, 16.9]",pbkdf2:sha256:1000000$IjfVjaBauO87nB8i$3c4b6b1b77fc057e68a5cf293298461cb75675e7297779a389d29de7cfb86467
36,156.8,59.9,17.22,25,0,76.1,13.18,2.4765382716049382,0.13,7.98,0.016290726817042606,57.3,1.76,153,107.0,3,2,0,9,2,0,1,Kristi,Sheppard,kristi.sheppard206@example.com,"[25.9, 12.0, 320.0, 10.0, 23.9]",pbkdf2:sha256:1000000$SUDcERo6sk3M1QEI$7ddf0beb1290511d05946379ab2bcdec9b0fa7ba9a875f797442721bc3f49732
37,158.6,39.4,15.49,38,0,113.1,9.68,2.7032296296296296,8.47,5.95,1.423529411764706,14.4,3.89,135,156.0,3,2,1,11,2,1,0,Angel,Briggs,angel.briggs207@example.com,"[26.2, 12.0, 334.1, 10.0, 7.0]",pbkdf2:sha256:1000000$x32OgfuHW1CNGCeh$fa42a1c1f83eff7c950c2be6f182dbd7256595ba9559625c2c3bcc72c99bcc29
18,157.4,50.6,24.86,31,0,96.2,12.9,3.0641481481481483,10.56,5.21,2.026871401151632,53.5,6.31,255,93.0,2,1,0,13,0,0,0,Kathy,Ball,kathy.ball208@example.com,"[26.7, 12.0, 320.0, 10.0, 18.2]",pbkdf2:sha256:1000000$xhHMYMKlfKuimqHe$39127552a06dd47faba702fb279c04f3def547e88a2a22bc901030e2ef497d0d
23,157.2,53.4,18.54,23,1,101.1,20.67,5.1598444444444445,12.61,6.39,1.97339593114241,94.6,7.93,211,252.0,2,1,0,21,0,1,1,Brian,Schmitt,brian.schmitt209@example.com,"[29.9, 12.0, 320.0, 10.0, 25.0]",pbkdf2:sha256:1000000$04VvEGmgxBSYnZRr$91acfc8a5a6a91590840967f3a6bdaadfaead237793c1ff573a8b74a3701ba32
33,159.9,47.8,26.31,33,1,93.8,8.13,1.8829481481481483,11.67,9.05,1.2895027624309392,44.9,8.02,176,143.0,2,3,1,12,1,1,1,Vanessa,Schultz,vanessa.schultz210@example.com,"[25.0, 12.0, 320.0, 13.3, 7.0]",pbkdf2:sha256:1000000$LpB9l6k561CzTcS7$0839b66761fb565eed56c8df80c051e1e6c8f5defb1645926f7dddfd32b64831
30,150.9,51.6,17.86,35,0,104.3,11.26,2.8997975308641974,15.8,4.31,3.6658932714617176,17.1,8.32,155,152.0,3,1,0,6,1,1,0,Jenna,Harris,jenna.harris211@example.com,"[26.5, 12.0, 320.0, 10.0, 7.0]",pbkdf2:sha256:1000000$hIrQqbuF3t8SndaU$864bb4d3ce4f86b13ecd75826554dcf854a6790ebc9886d5dcfac5ef9b5d58e2
26,161.4,63.1,21.19,38,0,86.3,8.83,1.8815530864197532,8.67,5.47,1.5850091407678246,77.5,4.14,219,86.0,2,3,1,24,2,0,0,Megan,Davis,megan.davis212@example.com,"[25.0, 12.0, 320.0, 10.0, 25.0]",pbkdf2:sha256:1000000$iPgZWXEblQ3TFw6f$6732518b3ab456ea1770433ab42ac2cd67c45cbc39f5eda110215bbcae698c37
39,154.6,73.7,21.91,33,0,100.4,7.01,1.7377876543209876,2.45,4.82,0.508298755186722,50.8,5.2,264,90.0,1,3,1,4,2,0,0,Cheryl,Eaton,cheryl.eaton213@example.com,"[24.8, 12.0, 320.0, 10.0, 14.2]",pbkdf2:sha256:1000000$meJDe6CxHccIgkxb$b2ce7b9448b0e4bedaa71655a1bc960102d882c5207b87f16b869116689cc008
21,166.3,67.8,24.72,21,1,77.3,13.73,2.6205654320987652,3.67,6.54,0.5611620795107034,40.0,5.6,145,189.0,2,1,1,12,2,0,0,Lee,Bryant,lee.bryant214@example.com,"[26.1, 12.0, 332.6, 10.0, 7.0]",pbkdf2:sha256:1000000$1mNeVAOxMpV2q4tW$21554fb55d4865870170b7271989ea184083ffb18b3fd4221dfa4feb418656d6
43,148.3,45.9,23.53,30,1,96.5,8.32,1.9824197530864198,12.46,5.95,2.0941176470588236,46.1,7.66,194,43.0,3,3,0,19,1,1,0,Elaine,Smith,elaine.smith215@example.com,"[25.1, 12.0, 320.0, 10.0, 7.2]",pbkdf2:sha256:1000000$KNFu6GWOyGLJFOXO$77b982843fe53c6bddd5f11693b9170d247232aa181bf02e346d1e6990011f3a
32,156.0,69.4,20.44,27,0,110.6,17.15,4.683432098765431,14.13,2.58,5.476744186046512,22.1,8.94,200,65.0,3,1,0,9,2,0,1,James,Clarke,james.clarke216@example.com,"[29.2, 12.0, 320.0, 10.0, 7.0]",pbkdf2:sha256:1000000$eX5vXGDQbf5OH5TV$9d33f4528b26524062f8870b5c7dff267fe1b7469b3020bd3bf6564dc88332b9
34,165.4,80.5,35.42,38,0,100.7,14.73,3.662496296296297,5.64,4.77,1.1823899371069182,40.5,3.28,168,113.0,1,2,1,15,1,0,0,Stephanie,Taylor,stephanie.taylor217@example.com,"[27.6, 12.0, 350.8, 36.1, 7.0]",pbkdf2:sha256:1000000$foUzSU00QPPqzeZR$68cb00af52bfe4e1192c594b6cb8643fca5027eb766736734d4813733cc7d251
20,149.4,36.2,25.86,33,0,84.3,15.61,3.2491925925925926,14.29,7.48,1.9104278074866308,50.7,6.52,193,132.0,3,3,0,4,2,0,0,Eric,Williams,eric.williams218@example.com,"[27.0, 12.0, 320.0, 12.1, 14.1]",pbkdf2:sha256:1000000$CCioGqAQVA8is8rf$3fe061bdbf219dbdb3387d7f6d22fcca7ba9122c756cdcb811fb2dff7aedbd41
28,160.6,66.8,30.85,29,0,60.4,4.39,0.654706172839506,7.08,8.87,0.7981961668545661,67.6,9.45,138,162.0,1,2,0,18,1,1,0,Karen,Petty,karen.petty219@example.com,"[25.0, 12.0, 320.0, 24.6, 25.0]",pbkdf2:sha256:1000000$8KwW0AvlNBfFrqcr$5246145ed7c4b13aeb5133bc7d9237358feb6bd5a8288efd0f177ef1b2b0bed5
29,171.7,68.6,29.29,35,0,100.5,15.77,3.9132962962962963,3.92,4.97,0.7887323943661972,57.4,4.14,182,121.0,2,3,0,17,1,0,0,Antonio,Carrillo,antonio.carrillo220@example.com,"[28.0, 12.0, 320.0, 20.7, 24.1]",pbkdf2:sha256:1000000$PEkZCEEmAzSq8Ho6$db4f46331ab56053668b39c20f713f63ecba5af55565ffed7805961239f5380d
33,147.5,74.0,25.31,32,1,93.7,25.57,5.915824691358025,8.9,6.74,1.3204747774480712,46.5,4.12,217,104.0,3,2,0,6,1,1,0,Anita,Perez,anita.perez221@example.com,"[31.0, 12.0, 320.0, 10.8, 7.8]",pbkdf2:sha256:1000000$bUsGNB6iL0CVjf0b$35b5dd091cd734dcfb77cd57a053d68efaad9cf9585f8f7b29970a44112a9159
24,158.8,78.7,26.43,24,0,121.7,17.88,5.37282962962963,11.33,5.41,2.0942698706099816,56.1,1.8,220,196.0,1,1,1,22,2,0,0,Felicia,Tucker,felicia.tucker222@example.com,"[30.2, 12.0, 380.8, 13.6, 22.2]",pbkdf2:sha256:1000000$PDhdjlfmV9THqKm6$09d3378bea5373c3ffe4db2d1a3d759bc0e8a85cd7ea757811afc4cea4607790
30,154.4,63.2,28.04,20,0,71.9,15.23,2.7037950617283952,9.29,7.27,1.277854195323246,81.0,2.77,187,154.0,3,1,0,17,3,0,0,Jason,Perez,jason.perez223@example.com,"[26.2, 12.0, 320.0, 17.6, 25.0]",pbkdf2:sha256:1000000$02pKHyvu68q4Dna7$12e5d9089742d82a34b31ed8a20dab8e518aa66646249cdea95ee8c6a039917c
21,159.0,63.6,16.69,40,1,105.2,21.99,5.71197037037037,6.39,4.66,1.3712446351931329,55.3,2.63,229,215.0,3,1,1,15,1,0,0,Jose,Garcia,jose.garcia224@example.com,"[30.7, 22.0, 386.7, 10.0, 20.9]",pbkdf2:sha256:1000000$LqyCzd0FGrzNBmUc$daec570dc24bd263d8b3d44af7c65857a50164b980a9ec50bbb1fe989c0f1546
42,150.9,59.2,27.67,25,1,87.1,6.98,1.5011308641975307,14.27,7.93,1.7994955863808324,43.5,3.69,220,77.0,2,3,0,0,3,0,0,Nicholas,Parks,nicholas.parks225@example.com,"[25.0, 12.0, 320.0, 16.7, 7.0]",pbkdf2:sha256:1000000$rTTw91ZzxaahmPkZ$f2a6eabf2e012eb3e3326d64cfdfc068fdee7c6fce8422b6db8f4123a207c9ae
40,150.9,65.1,22.13,32,1,69.8,7.49,1.290869135802469,13.99,7.32,1.9112021857923496,40.8,5.03,164,161.0,1,1,1,8,3,1,0,Christopher,Snyder,christopher.snyder226@example.com,"[25.0, 12.0, 320.0, 10.0, 7.0]",pbkdf2:sha256:1000000$ZDBrNZfFcTohKNoW$d2a23eb5fb6eb69c296c23a00411b55c5f70b47dad21491e6c47a2a17751404b
44,150.7,51.3,24.21,27,0,82.3,12.96,2.6336,12.94,6.08,2.1282894736842106,47.6,6.78,138,148.0,3,1,1,4,1,0,0,Sarah,Kim,sarah.kim227@example.com,"[26.1, 12.0, 332.8, 10.0, 9.4]",pbkdf2:sha256:1000000$o1TeYtGAMpXOaC4D$64528ca8ce0761628c4968f5ce99ade292f602b12c1eb61fed61d714ab7fe121
28,153.1,53.4,25.35,20,1,106.0,9.11,2.3843456790123456,7.72,6.58,1.1732522796352582,77.4,7.82,217,223.0,3,1,1,7,2,0,1,Dakota,Mueller,dakota.mueller228@example.com,"[25.7, 22.0, 328.5, 10.9, 25.0]",pbkdf2:sha256:1000000$Y9vqBbFQFqUpyFVJ$a84dd183c945c5e2f80625fc14e32c6791cb853a7f5a0022ae3a93b26aea9d55
25,175.5,81.2,22.86,21,1,91.8,3.36,0.7615999999999999,10.01,4.08,2.4534313725490193,102.0,8.03,200,180.0,2,2,1,16,1,0,0,Melinda,Rodriguez,melinda.rodriguez229@example.com,"[25.0, 12.0, 320.0, 10.0, 25.0]",pbkdf2:sha256:1000000$tmn33l7eVVL4RiIh$62799d000ea2980dfb7689ebc92f14bdedebb3ca528d5d81becb5a438b882d4c
19,163.4,95.1,21.34,30,0,92.1,4.48,1.0187851851851852,9.48,6.98,1.3581661891117478,42.4,6.67,190,131.0,1,3,1,12,0,1,0,Lisa,Rich,lisa.rich230@example.com,"[25.0, 12.0, 320.0, 10.0, 7.0]",pbkdf2:sha256:1000000$ofUTUluLLIJVfmsY$8c66015705203af3d6d230ee33759e0f034c9d044be514c05cb76a07cb460669
34,148.8,36.5,24.44,34,0,89.9,13.85,3.074358024691358,8.54,4.24,2.014150943396226,38.0,4.97,252,79.0,3,1,1,23,2,1,1,Jennifer,Harding,jennifer.harding231@example.com,"[26.8, 12.0, 340.6, 10.0, 7.0]",pbkdf2:sha256:1000000$eCS0XxXnOts7w7EH$af5a9d489f730ce01d18dc56ae9b376812a82a3d16807774fc3fcea91e4ca8eb
37,148.3,59.4,20.44,37,0,83.6,24.66,5.090311111111111,5.76,5.21,1.1055662188099808,82.5,5.49,178,157.0,3,2,1,0,0,0,0,Kaitlyn,Bush,kaitlyn.bush232@example.com,"[29.8, 12.0, 375.8, 10.0, 25.0]",pbkdf2:sha256:1000000$H5gEQYjWKS4A6F1R$9c73445544d3963f44aedc48787b89b43a794019f46a96016dcbe1b1db68d992
36,157.6,60.1,21.69,38,1,101.8,18.25,4.587283950617284,12.24,6.41,1.9095163806552262,37.8,5.12,193,273.0,2,2,0,20,0,0,1,Donald,Barrera,donald.barrera233@example.com,"[29.0, 12.0, 320.0, 10.0, 7.0]",pbkdf2:sha256:1000000$oKB30zjl0SISfV4m$0043abc430f7fa2164c43bf1bd4672264cd894a73e4a8635f739b74a6d853b76
37,149.9,80.0,26.31,33,0,110.6,17.86,4.877323456790123,7.52,8.31,0.904933814681107,63.3,5.34,196,121.0,1,3,0,2,3,0,0,Melissa,Gomez,melissa.gomez234@example.com,"[29.5, 12.0, 320.0, 13.3, 25.0]",pbkdf2:sha256:1000000$xwpve7OQBP9MKcZH$0e96ac54af0a567daae1099ee35ee36afa883cca0a4c1ad87af128ea972c064d
20,147.8,64.3,35.18,38,0,75.6,9.01,1.6818666666666666,15.68,7.9,1.9848101265822784,79.5,2.99,224,215.0,2,3,1,22,2,0,0,Amanda,Espinoza,amanda.espinoza235@example.com,"[25.0, 22.0, 320.0, 35.5, 25.0]",pbkdf2:sha256:1000000$j1lZaUHREORAFp7v$286839b81ba68b57e8a909972d8f724bc26cc51146a185c9737f874162274c55
41,156.5,55.0,24.35,22,1,86.0,22.22,4.71832098765432,11.37,4.89,2.3251533742331287,81.9,1.41,147,141.0,1,2,1,9,2,0,0,James,Murphy,james.murphy236@example.com,"[29.2, 12.0, 369.3, 10.0, 25.0]",pbkdf2:sha256:1000000$9LEPyC1vE4esAC2P$76b2d1141f5b6cce007515294513a9c5d657baef79cc685164e9a06ebbdfce85
34,160.3,82.6,24.92,38,0,66.8,21.29,3.5115358024691354,7.03,3.51,2.002849002849003,47.9,6.49,176,105.0,2,3,0,3,2,1,1,Jason,Berg,jason.berg237@example.com,"[27.4, 12.0, 320.0, 10.0, 9.8]",pbkdf2:sha256:1000000$DNjRB0oJMeBYZlO6$a11a90233c9caf5e3a606afb6dd261076a1cdbdf068afc5e0d381bd332662d7a
40,156.9,76.3,9.95,33,1,99.1,1.55,0.37927160493827156,16.55,9.16,1.806768558951965,62.2,3.26,171,170.0,3,3,0,16,2,0,1,Kurt,Garcia,kurt.garcia238@example.com,"[22.7, 12.0, 320.0, 10.0, 25.0]",pbkdf2:sha256:1000000$FTOlry3nJu4ffOzH$83f3660b1472d46e4ba65362928bdf94ae1f3d0359ad9b11efcc8518ee7e421b
25,159.9,56.9,28.88,29,0,114.2,12.09,3.409081481481482,12.65,7.59,1.6666666666666667,45.6,5.19,182,137.0,3,1,0,16,1,0,1,Patricia,Singh,patricia.singh239@example.com,"[27.3, 12.0, 320.0, 19.7, 7.0]",pbkdf2:sha256:1000000$Semv35MCX9g4shzK$f18f2319774b8881b293f87dbbf6171ac2b9380b21bc79cfe6102b272bedd89f
20,142.0,62.9,19.89,33,0,117.8,8.28,2.408355555555555,12.14,7.08,1.7146892655367232,59.6,10.65,193,137.0,1,2,1,16,0,1,1,James,Smith,james.smith240@example.com,"[25.8, 12.0, 328.9, 10.0, 25.0]",pbkdf2:sha256:1000000$UEol60iErLqKagn7$85461be4ee17d97dd167a33edfc0f626130875e085c9734b72557a96e3d7bdff
26,157.6,80.3,25.02,37,0,87.4,10.08,2.1752888888888893,9.35,5.88,1.5901360544217686,65.5,5.3,231,127.0,3,1,0,15,1,0,1,Ronald,Liu,ronald.liu241@example.com,"[25.4, 12.0, 320.0, 10.0, 25.0]",pbkdf2:sha256:1000000$ibn0ub3WuSRQh470$095ca58857e876b2a4c96755eaf9c7e1c963fe48066365a5f7dab0842f4f7edf
34,142.3,80.8,29.61,23,1,103.6,15.37,3.9316839506172836,10.16,6.04,1.6821192052980132,67.7,7.07,200,139.0,2,2,0,18,0,0,1,George,Ruiz,george.ruiz242@example.com,"[28.0, 12.0, 320.0, 21.5, 25.0]",pbkdf2:sha256:1000000$FbUW17zCoWZEjxAs$e9a2334b9f90310199de1b238f03ec433856a6612470224c6fa24f78f8be2f43
19,150.5,54.5,29.82,22,1,116.3,14.47,4.155212345679012,4.58,4.33,1.0577367205542725,64.8,2.06,192,72.0,1,3,1,4,3,0,0,Adam,Kelly,adam.kelly243@example.com,"[28.4, 12.0, 359.5, 22.1, 25.0]",pbkdf2:sha256:1000000$99hvEYGCO9U7a63Q$c414a2a1e60222164421f1b7b9509d0dcf0b8d9f22836eeb06a93dd211ef4b8e
37,160.1,57.8,30.15,36,1,129.7,17.36,5.559486419753085,13.37,6.22,2.14951768488746,75.6,5.86,184,190.0,2,3,1,0,1,0,0,Andrea,Wolf,andrea.wolf244@example.com,"[30.5, 12.0, 384.0, 22.9, 25.0]",pbkdf2:sha256:1000000$qeGFryVSEOfuYSEw$235a2dc525edd9ede1ad8ffb7c2dcff05b96489b2a3238d14bba1057dbe4f6e4
20,159.5,55.2,20.76,20,1,103.5,8.58,2.1926666666666668,10.37,0.7,14.814285714285715,33.4,6.39,182,209.0,3,3,1,22,2,0,1,James,Flores,james.flores245@example.com,"[25.4, 22.0, 325.1, 10.0, 7.0]",pbkdf2:sha256:1000000$v2jwFDEOu468fg70$faa5d1b969ea549a3ef97eea1c05daacd73576062053e1f58d9662a7e04c6667
29,167.7,57.2,29.43,24,0,76.4,18.25,3.4427160493827165,1.18,7.1,0.16619718309859155,97.3,5.78,230,170.0,2,2,0,11,2,1,0,Nicholas,Smith,nicholas.smith246@example.com,"[27.3, 12.0, 320.0, 21.1, 25.0]",pbkdf2:sha256:1000000$cACvlZkWapi8Uz5X$d5493c2f29393fc53531cc5a404fce67a29a43a8ea5ea1248a659a65ec9ef07f
24,143.3,65.8,25.08,31,1,104.8,4.98,1.288651851851852,12.23,6.61,1.8502269288956126,41.3,8.15,190,201.0,1,2,0,21,1,0,0,Kathryn,Campos,kathryn.campos247@example.com,"[24.1, 14.6, 320.0, 10.2, 7.0]",pbkdf2:sha256:1000000$erOdHCxe1li5574r$20985bed19b4c2613745198ae8690b89cab5d45dcb61b48a8720f26636f57f27
32,156.8,81.4,32.21,38,0,81.2,11.15,2.2355061728395063,9.38,6.2,1.5129032258064516,17.3,6.51,223,128.0,3,3,1,17,1,1,0,David,Gutierrez,david.gutierrez248@example.com,"[25.5, 12.0, 325.9, 28.0, 7.0]",pbkdf2:sha256:1000000$GYysRgONXsmX1f6G$9a8d76193027abfb9a5c2fe614c3be217d12b8092207b956ba30a35bfcf82880
33,153.5,52.5,21.97,43,1,102.8,22.67,5.754261728395062,10.98,7.43,1.477792732166891,69.7,2.57,211,179.0,1,2,1,18,0,0,0,Norma,Richard,norma.richard249@example.com,"[30.8, 12.0, 387.4, 10.0, 25.0]",pbkdf2:sha256:1000000$L44sRwCmFmR3Dd1t$379ae3b7eec588b9f193805cc8e2552d0f8ce0bdf7c2d6af82ae9f2d0c8ecf77
22,159.2,68.5,27.58,44,1,119.0,10.66,3.1321975308641976,11.92,4.93,2.417849898580122,83.1,5.42,192,158.0,1,2,1,0,3,1,1,Gina,Harris,gina.harris250@example.com,"[26.8, 12.0, 341.6, 16.4, 25.0]",pbkdf2:sha256:1000000$9TTV9k42aYBzf2Kn$379d049ae6b04bf06650f9bc1cfb06b8d45b42ca99381a01c36292699f0c12e7
42,156.9,69.5,21.17,19,1,119.9,15.22,4.505871604938272,11.93,5.54,2.1534296028880866,70.1,5.86,115,121.0,2,1,1,4,0,0,0,Jimmy,Nichols,jimmy.nichols251@example.com,"[28.9, 12.0, 365.6, 10.0, 25.0]",pbkdf2:sha256:1000000$MjNxVCVz3OVpRJhn$a98c8e9692ba8477e160bc2d8f5a8bf35c7c38b7e7da3be26dae57a00c7a2704
31,157.5,78.6,32.24,38,0,108.1,10.42,2.7812395061728394,17.27,6.17,2.79902755267423,47.1,9.05,200,106.0,2,3,0,0,3,1,0,Jennifer,Black,jennifer.black252@example.com,"[26.3, 12.0, 320.0, 28.1, 8.7]",pbkdf2:sha256:1000000$mEjqIYheBM0Tqk2U$e51ebd6c05f8ae5f7ee761b3f360d15fd6312b936ad2d149b6d5e7d9e56f9ee5
19,155.8,71.3,23.02,35,1,86.9,6.09,1.3067185185185186,6.33,6.25,1.0128,65.9,3.91,144,142.0,2,3,1,16,3,0,0,Lisa,Rocha,lisa.rocha253@example.com,"[25.0, 12.0, 320.0, 10.0, 25.0]",pbkdf2:sha256:1000000$HIy52tUV7UwsSyn0$37baf7e1f903d4d94c38cfba1c4465b6bca0e5761388c41943a643f8fb1c643d
26,156.5,63.7,26.08,26,0,90.6,24.75,5.536666666666666,15.59,10.09,1.5450941526263628,60.5,1.54,174,216.0,1,1,0,6,0,0,0,Bryan,Mcconnell,bryan.mcconnell254@example.com,"[30.5, 12.0, 320.0, 12.7, 25.0]",pbkdf2:sha256:1000000$mhZStTtOEuZTM64h$1649aeac6299e035321daef9dfd0550205ceed0b254da8bcb4c821cbd73a86c9
39,165.7,61.4,22.05,40,0,120.4,6.23,1.8520790123456792,11.96,6.5,1.84,37.5,4.02,247,136.0,3,3,1,5,2,0,0,William,Lawrence,william.lawrence255@example.com,"[24.9, 12.0, 320.0, 10.0, 7.0]",pbkdf2:sha256:1000000$PcjRDiuTIECN9iYb$a62775f22bd33e11321133ba3bc6c4ff1c0ac848eeac04a957a0bb94b040d9c8
42,152.9,63.8,22.53,31,0,123.0,6.12,1.8586666666666667,15.63,7.5,2.084,92.0,4.6,245,245.0,2,1,1,3,2,0,1,Andrea,Hale,andrea.hale256@example.com,"[24.9, 22.0, 320.0, 10.0, 25.0]",pbkdf2:sha256:1000000$zBEBGyxPfmWTG3aF$c152bbbc85167f1812012b5832f926004878ef91bc2a97eddd05b5e6894498e2
22,150.6,39.7,25.32,42,0,93.6,23.94,5.5328,4.49,7.21,0.622746185852982,64.8,4.93,214,95.0,2,2,1,12,3,0,0,Alicia,Mills,alicia.mills257@example.com,"[30.4, 12.0, 383.6, 10.8, 25.0]",pbkdf2:sha256:1000000$A925XJ0tgBMauwsa$31383e4af0332fc31ff9c093624ec8e01b96aece3344b8329772bb3c59af9486
27,162.9,36.6,32.73,28,1,104.4,13.85,3.570222222222222,13.4,2.35,5.702127659574468,53.8,10.43,221,118.0,1,1,1,23,2,0,0,Heather,Nguyen,heather.nguyen258@example.com,"[27.5, 12.0, 349.2, 29.3, 18.7]",pbkdf2:sha256:1000000$ZckXR4t3Og3utSEc$3aaeb3a5eeb9965ab1f4753f08028c331d564484e5398fe17a42556e370c01ce
33,156.1,68.3,29.03,31,1,89.8,16.76,3.716167901234568,5.31,0.38,13.973684210526315,73.6,6.21,133,49.0,1,1,0,17,1,0,0,Luis,Brown,luis.brown259@example.com,"[27.7, 12.0, 320.0, 20.1, 25.0]",pbkdf2:sha256:1000000$zp0GzQoTuzR7RLMc$59928677b49e782b1d11cf3ea4409b1d01fc6792fbccb6d7634561472f3f4a95
20,168.0,42.5,22.77,28,1,87.6,12.35,2.671259259259259,5.3,9.34,0.5674518201284796,56.7,8.04,210,15.0,1,3,0,10,0,0,1,Stacy,Andrews,stacy.andrews260@example.com,"[26.2, 12.0, 320.0, 10.0, 23.1]",pbkdf2:sha256:1000000$fiXfYiL8sA9EennH$67c032a81eb59969be4cfc72d9874ed62db278eae0237a306682143959f96d98
21,159.9,60.8,26.78,43,1,104.9,8.06,2.08763950617284,10.06,3.68,2.733695652173913,60.4,7.41,176,158.0,3,3,0,15,2,1,0,Kimberly,Maldonado,kimberly.maldonado261@example.com,"[25.3, 12.0, 320.0, 14.5, 25.0]",pbkdf2:sha256:1000000$fDfU5E752I562MGZ$deda266312a2453809c868da0908bc9d44291ea28f78f309b2933f1e01af46ad
37,153.9,44.2,28.94,29,0,100.6,18.56,4.610212345679011,9.28,4.9,1.893877551020408,59.1,7.43,253,199.0,2,1,1,7,2,0,1,Jennifer,Harris,jennifer.harris262@example.com,"[29.1, 12.0, 367.4, 19.9, 25.0]",pbkdf2:sha256:1000000$Vp2xurio6OZLmZz2$28d0a60ee966ee8fc698c90ce9bd34c196f44eb9aca5a602cd32bfb06a007cfb
34,160.1,56.0,29.39,47,0,105.2,9.72,2.5248000000000004,11.19,9.12,1.2269736842105263,70.0,5.18,206,298.0,2,1,1,8,3,0,0,Sara,King,sara.king263@example.com,"[25.9, 22.0, 330.9, 21.0, 25.0]",pbkdf2:sha256:1000000$nJ7xOBAT0IcQWfO6$6e6d89a01c8c5d8d842ade3330896e4d02f47e9c64963ddf3d0ed3b430c91dcf
37,159.4,65.6,22.58,34,1,97.3,2.36,0.5669827160493827,12.49,7.95,1.5710691823899372,61.4,0.36,226,145.0,2,1,0,18,1,0,0,Nicole,Calderon,nicole.calderon264@example.com,"[25.0, 12.0, 320.0, 10.0, 25.0]",pbkdf2:sha256:1000000$V8edOd7YJlL9H6TX$d58f6104c16ca432a03bef7c0cbf72d005242e2c6cbcd102901abe8067410895
21,151.6,78.4,14.33,26,0,93.1,15.21,3.496422222222222,11.31,3.69,3.0650406504065044,61.8,7.91,178,199.0,1,3,1,11,2,0,0,Stacey,Kaufman,stacey.kaufman265@example.com,"[27.4, 12.0, 347.9, 10.0, 25.0]",pbkdf2:sha256:1000000$yr4gA9tRnVx24Qoc$1f3e8d57f137cb6bf2d9f9c466209937e83940c6795343e8c35eb25cb0e6e497
41,153.3,60.1,23.45,25,0,90.9,12.57,2.821266666666667,7.26,6.41,1.1326053042121684,68.4,6.84,147,47.0,1,2,0,8,0,0,0,Emily,Whitehead,emily.whitehead266@example.com,"[26.4, 12.0, 320.0, 10.0, 25.0]",pbkdf2:sha256:1000000$jpFt6mjKw94mkLP3$9e173adfd207f5532aa77be58f33dab7b5eb905e72b679443972ffeed3b776f1
26,159.9,76.8,28.86,40,0,76.9,19.51,3.7044913580246916,10.68,6.29,1.697933227344992,40.2,3.82,168,150.0,1,1,0,15,1,0,0,Jason,Duncan,jason.duncan267@example.com,"[27.7, 12.0, 320.0, 19.6, 7.0]",pbkdf2:sha256:1000000$axExtREmshU3kRvq$59528a9a43f561bafaa770e43d9f34be0794678b3b2f5ec34222db34cc5a4500
27,156.5,32.5,34.35,34,1,112.7,16.94,4.713920987654322,10.99,2.96,3.712837837837838,41.0,8.1,193,186.0,1,1,0,7,1,0,0,Lacey,Gibson,lacey.gibson268@example.com,"[29.2, 12.0, 320.0, 33.4, 7.0]",pbkdf2:sha256:1000000$9puJn9JdOryduBk2$fd7fbaa829939fdf4ccbc4ff3b6ed0b7f1c703d6fce74f7b3cb343a5422a15fd
35,165.9,61.5,21.69,29,0,98.0,15.1,3.653827160493827,18.81,2.36,7.970338983050848,66.3,3.44,247,212.0,2,2,1,15,3,0,0,Joshua,Rios,joshua.rios269@example.com,"[27.6, 22.0, 350.7, 10.0, 25.0]",pbkdf2:sha256:1000000$cE0750bFMigRRayN$65ba8c42e7c2c15ede9ab89edb9e56dac9e9939ac18caf76073d23d1fca0580c
32,157.2,77.4,18.73,27,0,93.4,25.64,5.913027160493828,19.47,4.04,4.819306930693069,49.2,5.3,189,247.0,2,1,0,2,2,0,0,William,Lee,william.lee270@example.com,"[31.0, 22.0, 320.0, 10.0, 11.8]",pbkdf2:sha256:1000000$xTFcQxkA3uhF31aA$01d8f60d295852e69f1c0fcb2eb5ac8d6ebe75d1084214176074c232a5523f59
21,154.3,76.0,29.59,26,0,104.2,22.97,5.909812345679013,9.67,8.21,1.1778319123020704,73.8,0.85,256,186.0,3,3,1,8,1,0,1,Kenneth,Rogers,kenneth.rogers271@example.com,"[31.0, 12.0, 390.2, 21.5, 25.0]",pbkdf2:sha256:1000000$NTAzlCJRTyJtXBTY$ec1f34f4f0eae3b061fe6ddcec4ec472d4fcb5e3d83af92d451c71b8819c3123
32,154.0,71.2,29.89,15,1,102.8,20.08,5.096849382716049,9.42,9.45,0.996825396825397,53.2,4.17,168,77.0,1,3,0,9,2,0,0,Susan,Lee,susan.lee272@example.com,"[29.8, 12.0, 320.0, 22.2, 17.8]",pbkdf2:sha256:1000000$eMJOJ8PxokFtuzUH$ac915b59eb8192618f4b146dd6449ecfce786661d0222b6cc15d93dded4f97d5
35,155.9,62.5,32.31,35,1,75.4,13.85,2.578493827160494,3.14,7.74,0.40568475452196384,80.0,6.3,206,164.0,2,2,0,11,1,0,1,Jose,Sparks,jose.sparks273@example.com,"[26.0, 12.0, 320.0, 28.3, 25.0]",pbkdf2:sha256:1000000$bN1SK6OJQZHpIJ8K$efc07c56837ae206b240a62a8970efbc4db5ea7bf920b36577dd0c9a5c16955d
19,162.0,71.0,26.51,27,0,110.8,9.56,2.615427160493827,14.85,8.26,1.797820823244552,54.0,8.18,196,163.0,3,3,0,20,0,1,0,Joshua,Thompson,joshua.thompson274@example.com,"[26.1, 12.0, 320.0, 13.8, 19.0]",pbkdf2:sha256:1000000$IiiBkdczCUYqSYw7$ec067fac8548d30c36daf2748943d69e59c485efcb91778aae7a31a1ee57fa39
28,153.3,91.4,26.56,43,0,96.0,5.7,1.3511111111111112,9.58,5.35,1.7906542056074768,39.6,7.2,221,169.0,3,1,0,22,0,0,1,Laura,Horton,laura.horton275@example.com,"[25.0, 12.0, 320.0, 13.9, 7.0]",pbkdf2:sha256:1000000$oF6Sg0ghRT26G8d2$b7f93db0978c9ea7e2c04c39d1b41740e2ad5c4a3ee1ee4677b121d5da85ae03
37,145.9,77.7,26.3,28,1,96.8,15.21,3.635377777777778,2.17,2.19,0.9908675799086758,17.1,10.18,210,68.0,3,3,0,17,1,0,0,Kristen,Anderson,kristen.anderson276@example.com,"[27.6, 12.0, 320.0, 13.3, 7.0]",pbkdf2:sha256:1000000$HfMuPxJ83cnJPNhm$25c6be60faf2b61eb51db0a4d59aa8a4b38230f2201b442421191a95969858f5
25,154.7,82.8,21.35,42,1,86.6,21.94,4.6913679012345675,9.66,6.89,1.4020319303338171,87.4,5.16,164,120.0,1,3,0,20,2,0,0,Patrick,Rodriguez,patrick.rodriguez277@example.com,"[29.2, 12.0, 320.0, 10.0, 25.0]",pbkdf2:sha256:1000000$FcXwQD4MBESSDPQ3$0a28509bc29645b34e6c10373a8675df05899f6af20815c71e8834111aac7513
22,157.1,72.6,19.3,51,0,82.4,3.49,0.7100641975308642,14.66,3.9,3.758974358974359,72.8,6.76,128,91.0,2,1,0,2,1,0,0,Amanda,Nelson,amanda.nelson278@example.com,"[25.0, 12.0, 320.0, 10.0, 25.0]",pbkdf2:sha256:1000000$Z5acC9o2jxLfXriN$a5100595db4b546a7afe9e7b72c5da45e06f95a5bb122358d3aea44627d30276
37,165.1,81.0,28.22,25,1,71.3,4.66,0.8203901234567901,7.21,5.76,1.2517361111111112,56.0,7.76,197,190.0,3,2,0,17,0,0,0,Angela,Jackson,angela.jackson279@example.com,"[25.0, 12.0, 320.0, 18.0, 22.0]",pbkdf2:sha256:1000000$Ow9XXSpaRpLoufOq$60855afb1c1ca11184122b15a4abbd8f139dfebd0dcb9b49be5b05d88981e106
25,167.0,34.1,21.52,35,1,98.4,9.28,2.2546962962962964,13.98,4.96,2.8185483870967745,40.2,6.15,171,278.0,2,2,1,16,3,1,0,Cody,Walker,cody.walker280@example.com,"[25.5, 22.0, 326.2, 10.0, 7.0]",pbkdf2:sha256:1000000$EuediGtggx3doYxe$912a76a22bc7b1650f6256498dc4bb9078a61a1382d28cb4abcd4ec5c10ed390
42,153.0,38.6,20.27,30,1,103.2,24.6,6.268444444444445,14.52,5.03,2.8866799204771367,75.4,6.92,151,104.0,1,3,0,12,1,0,1,Susan,Lewis,susan.lewis281@example.com,"[31.6, 12.0, 320.0, 10.0, 25.0]",pbkdf2:sha256:1000000$Do3ZfGQsrUfctUpL$d78342141b09374d8ac363027c737139d443652ab8ad93c92893bc84cf0d2f17
20,162.8,47.4,35.8,32,1,78.7,14.33,2.7846197530864196,13.32,1.98,6.7272727272727275,87.0,0.9,159,86.0,1,2,1,7,1,0,1,Jeremiah,Brooks,jeremiah.brooks282@example.com,"[26.3, 12.0, 335.5, 37.0, 25.0]",pbkdf2:sha256:1000000$S8criNKJ68jueBSw$58b1166eec194bf58f240bd1e4d980077e1d4a6283fc13085429a34656c99e28
44,151.1,70.1,30.63,41,0,72.0,11.6,2.062222222222222,9.73,5.88,1.6547619047619049,38.5,9.02,213,165.0,2,2,0,1,2,0,0,Charles,Clarke,charles.clarke283@example.com,"[25.2, 12.0, 320.0, 24.1, 7.0]",pbkdf2:sha256:1000000$VZoYdcO4GJskig1u$eb1e2eb6cf5a6a643982cdb3ffe18c1b6c284c2bd18db9ec4b3f0c8e275ee47a
42,166.9,78.3,27.42,42,1,117.3,19.59,5.673844444444445,8.51,7.89,1.0785804816223068,49.0,6.11,255,190.0,1,3,0,22,1,0,0,Eric,Crosby,eric.crosby284@example.com,"[30.7, 12.0, 320.0, 16.1, 11.5]",pbkdf2:sha256:1000000$afbHFJ55dbt8GWDZ$76b1f4933e1ed6cadff9de1fbd1c226a105c2649fa6a2ae9a93190dbace83391
26,150.7,62.6,29.61,32,1,86.7,9.37,2.005874074074074,14.13,8.35,1.6922155688622755,52.0,3.8,256,166.0,1,2,0,10,2,1,0,Randy,Jones,randy.jones285@example.com,"[25.2, 12.0, 320.0, 21.5, 16.0]",pbkdf2:sha256:1000000$eLKgMM132ytENGK2$3c623272531d1cab4f9a1067b71db0216fc8353f4d7a870b938afc8b29894e6a
34,154.9,76.5,24.07,42,1,87.8,15.28,3.3125530864197525,8.34,4.75,1.7557894736842106,95.2,1.56,266,121.0,2,1,1,15,0,0,0,Jeff,Torres,jeff.torres286@example.com,"[27.1, 12.0, 344.7, 10.0, 25.0]",pbkdf2:sha256:1000000$aVQixzKf6yFRuDRd$53c65b2fb14a400a1a48123af72873ff91436ca203e16ddc575eb9a84618435f
24,154.8,62.6,23.58,35,0,121.4,6.31,1.891441975308642,12.38,3.52,3.5170454545454546,62.4,6.48,230,71.0,2,2,0,23,0,0,0,Jamie,Middleton,jamie.middleton287@example.com,"[25.0, 12.0, 320.0, 10.0, 25.0]",pbkdf2:sha256:1000000$0TQWBm5llMKY11Mk$9ed6a49642ab3550c947db9673171244fafcfa91fef66774e2ba8b3a2ed597d7
44,154.4,74.4,21.86,22,0,97.7,22.0,5.307160493827161,8.53,5.11,1.669275929549902,28.5,3.78,210,183.0,1,3,1,11,3,0,0,Jessica,Freeman,jessica.freeman288@example.com,"[30.1, 12.0, 379.6, 10.0, 7.0]",pbkdf2:sha256:1000000$zJs8EIkBSrQiTNKa$72f17898f9fdd908223bcf73082fbd73673c69d5266cde9b8e2f89d79b7453aa
18,158.0,68.6,32.05,28,1,96.2,7.53,1.7886074074074076,9.33,5.02,1.858565737051793,41.3,4.87,156,218.0,2,3,1,9,3,0,0,William,Greer,william.greer289@example.com,"[25.0, 22.0, 320.0, 27.6, 7.0]",pbkdf2:sha256:1000000$3Yk6fgzh4PM3SfkU$59cfe561223c1cd81a65448c52fe405146be8a32b91cb8ac41e19ed5ad3fb042
29,167.5,67.7,24.77,35,1,120.4,11.67,3.469303703703704,14.22,8.49,1.6749116607773853,70.3,1.24,127,305.0,1,3,1,24,2,1,0,Ashley,Graves,ashley.graves290@example.com,"[27.4, 22.0, 347.5, 10.0, 25.0]",pbkdf2:sha256:1000000$0BSAKfDVKDPaJ4rm$6f9214afe928d5769a82547a4694476d7160f1e7cef8aa5f438c2219301750bb
18,163.1,55.6,18.2,42,1,91.7,17.58,3.9804592592592587,20.61,2.59,7.957528957528957,56.8,1.84,194,171.0,3,1,0,24,1,0,0,Jamie,Knox,jamie.knox291@example.com,"[28.1, 12.0, 320.0, 10.0, 23.2]",pbkdf2:sha256:1000000$CRd0B4H57kKFJYXF$d86d018e2cbf0f9131a791b8adddca659274f96ddd77b17496935b0181d4c1fc
33,158.7,57.3,24.04,27,1,92.3,11.86,2.7029086419753083,12.44,8.59,1.4481955762514551,36.3,6.5,180,213.0,3,2,0,13,2,0,0,Jose,Villanueva,jose.villanueva292@example.com,"[26.2, 22.0, 320.0, 10.0, 7.0]",pbkdf2:sha256:1000000$zydPOFGlQmyHRvqs$5713428f00ea973867d1e11c8e5eabd27599ad5767632c3de55db705321a688b
23,158.8,60.1,25.98,35,0,104.5,24.99,6.448037037037037,13.03,6.25,2.0848,30.7,9.58,177,163.0,2,1,0,6,0,0,0,Patricia,Williams,patricia.williams293@example.com,"[31.8, 12.0, 320.0, 12.5, 7.0]",pbkdf2:sha256:1000000$Nva0yrXwdT9VLBED$92155b4aae973183c84ea61ef122605e266dea933d0a1a3a6fd37981a9c8a19a
26,159.6,45.1,28.73,29,0,101.5,23.85,5.977222222222222,16.7,9.31,1.7937701396348011,18.7,1.91,132,199.0,3,3,1,23,0,0,1,Michael,Perry,michael.perry294@example.com,"[31.1, 12.0, 391.4, 19.3, 7.0]",pbkdf2:sha256:1000000$FZbMXr9ddvtkvFMl$9c33dc7a42a538aa10472083500fdee0c00be8bbe42901fb081b80870344460c
43,147.0,39.1,28.75,29,0,85.2,8.05,1.6934814814814818,7.57,5.32,1.4229323308270676,35.0,7.68,207,108.0,1,1,0,23,0,0,0,Christopher,Richards,christopher.richards295@example.com,"[25.0, 12.0, 320.0, 19.4, 7.0]",pbkdf2:sha256:1000000$IVkiI0Wwy6iIhIlj$beb4a75b8ee5dcf44abd380b88e51b988f622a5e38f167d06c531e0fd0570806
38,153.4,67.6,25.97,28,1,90.8,16.06,3.600612345679012,7.9,5.69,1.3884007029876977,30.3,4.54,165,179.0,3,2,1,13,1,0,1,Ashley,Harrington,ashley.harrington296@example.com,"[27.6, 12.0, 349.8, 12.4, 7.0]",pbkdf2:sha256:1000000$KKMLVTrPmMrCvqVl$d681972eb4e857dcaa9d8db42203404a72370e1fe14021ae4e52f0fd439f4f9e
27,169.7,53.4,27.39,28,0,92.8,11.39,2.6098567901234566,11.69,5.51,2.1215970961887476,81.4,8.21,200,85.0,3,2,0,4,1,0,0,Donald,Brown,donald.brown297@example.com,"[26.1, 12.0, 320.0, 16.0, 25.0]",pbkdf2:sha256:1000000$1tTBizntvpkVlcQy$b6bcdf774621a37fcfe1af5d52200d331e1ae61d9efd2e16a828d56695ab4e5e
36,161.5,71.0,24.03,43,0,80.0,0.63,0.12444444444444444,10.34,3.38,3.059171597633136,69.3,3.39,188,101.0,2,2,0,11,3,0,0,Matthew,Bailey,matthew.bailey298@example.com,"[25.0, 12.0, 320.0, 10.0, 25.0]",pbkdf2:sha256:1000000$EtboFXdKSBq5NUCy$6a248dc6ef65003678739e63f873d2756975e124d4d9c838cfcd5c244e9b1d05
36,153.7,53.4,29.17,52,0,106.4,13.23,3.4757333333333333,10.51,4.15,2.5325301204819275,61.3,5.06,190,150.0,3,1,0,20,0,0,0,Thomas,Howell,thomas.howell299@example.com,"[27.4, 12.0, 320.0, 20.4, 25.0]",pbkdf2:sha256:1000000$m6W6ZmbET9pTmNqY$226c55317f1ac4feb2f9025712ba08e3ab69514ccc78c519a9a6dca2c5d5276b
43,150.1,59.1,33.18,31,0,91.6,17.04,3.8539851851851847,5.92,8.57,0.690781796966161,40.3,5.6,267,208.0,2,1,1,15,0,0,1,Michelle,Miller,michelle.miller300@example.com,"[27.9, 12.0, 354.2, 30.4, 7.0]",pbkdf2:sha256:1000000$vm0tU6GIi2s3UjK0$7502e7d8ceceb670d05a59c98bc0eced1b3bef6cc244694d3785cef26679c8d8
37,164.1,67.3,35.84,45,1,68.6,6.09,1.0315407407407406,17.39,5.33,3.2626641651031894,85.8,6.01,198,111.0,2,3,0,0,3,0,0,Jason,Mcconnell,jason.mcconnell301@example.com,"[25.0, 12.0, 320.0, 37.1, 25.0]",pbkdf2:sha256:1000000$zy7TshLbuIHxtBFd$acd2100166d6d77d22de27c5eeceeea052dc3a500e343dd02ab9cffe4469ab02
30,158.1,60.4,19.21,31,1,98.1,13.07,3.1658444444444442,8.5,9.53,0.8919202518363064,21.4,5.27,141,113.0,1,1,1,0,2,0,0,Marissa,Welch,marissa.welch302@example.com,"[26.9, 12.0, 342.2, 10.0, 7.0]",pbkdf2:sha256:1000000$z2AzixsheldZrP5T$2162d6f612468125b3b0d0874afefed70ad4b076815febc841e1da09dc4cdac5
25,155.3,54.1,26.33,32,0,83.0,4.35,0.8914814814814813,2.8,7.3,0.3835616438356164,67.1,5.95,186,160.0,1,1,1,21,1,0,0,Theresa,Brown,theresa.brown303@example.com,"[25.0, 12.0, 320.0, 13.3, 25.0]",pbkdf2:sha256:1000000$mbMjWve1K355AqRj$9001e71beed3ff2d6bcd4c511804f2e7fb11febfac37a2a38b2624f7c889fb83
25,154.1,78.3,16.42,28,0,115.5,7.81,2.2272962962962963,2.96,8.52,0.3474178403755869,37.7,2.01,239,79.0,1,1,0,8,1,1,1,Alicia,Walker,alicia.walker304@example.com,"[25.5, 12.0, 320.0, 10.0, 7.0]",pbkdf2:sha256:1000000$Hp7152IZYIfJeds9$cde03503ec1078b4cd8c5a4b695f19e480f3758e76d51ca3e2d887106c973f79
19,157.6,54.5,19.72,16,0,93.7,8.29,1.917958024691358,6.54,6.12,1.0686274509803921,61.5,3.95,263,90.0,1,3,0,18,2,0,0,Jacob,Cruz,jacob.cruz305@example.com,"[25.0, 12.0, 320.0, 10.0, 25.0]",pbkdf2:sha256:1000000$Y7L44ujkVxJUpaou$bc00ba8ae8c30ed911369dd8ab1e5b273f38b452022f4d0d3680245d2d692680
35,162.3,65.4,22.74,43,1,82.9,11.78,2.411264197530864,8.35,8.71,0.9586681974741675,83.6,7.93,193,48.0,1,1,1,13,0,0,1,Madison,Thompson,madison.thompson306@example.com,"[25.8, 12.0, 328.9, 10.0, 25.0]",pbkdf2:sha256:1000000$CL7pDsbTQ9jIDGw2$e7138aa8fb0f87377a89b9834cdc0777059a45799d53b0169fbcf02629252a70
41,158.8,57.7,22.37,30,0,84.3,16.01,3.332451851851852,13.47,8.53,1.579132473622509,51.5,5.81,173,187.0,3,3,0,14,3,0,0,Robert,Jones,robert.jones307@example.com,"[27.1, 12.0, 320.0, 10.0, 15.2]",pbkdf2:sha256:1000000$mjDaAanRwctJYaOe$4f339c1d126f30fb83e207c8c644d661a257fa11953e65af627b8a09a9e324e6
20,152.7,37.0,33.72,42,0,97.3,14.83,3.562861728395062,6.17,1.59,3.880503144654088,30.3,3.5,139,140.0,3,1,1,11,0,0,0,Ryan,Lee,ryan.lee308@example.com,"[27.5, 12.0, 349.1, 31.8, 7.0]",pbkdf2:sha256:1000000$XUwXzvWpysDoHZl1$9488471767af8678660cfa27e1c97dea31df51b5629ed00f651aa3bd70e1e1e5
29,159.6,55.3,17.95,28,1,81.3,17.41,3.494896296296296,16.55,5.62,2.9448398576512456,40.9,4.08,218,66.0,1,2,0,10,3,0,0,Kristy,Benson,kristy.benson309@example.com,"[27.4, 12.0, 320.0, 10.0, 7.0]",pbkdf2:sha256:1000000$FcoKZ6vo7IitIZNI$964d505669057388eab1f34e31439c143678cb5b2d7a6714cdc320deabb0259e
32,153.9,65.6,20.27,30,0,61.6,15.52,2.360572839506173,15.19,5.75,2.6417391304347824,62.6,8.55,134,121.0,3,2,0,4,3,0,0,John,French,john.french310@example.com,"[25.7, 12.0, 320.0, 10.0, 25.0]",pbkdf2:sha256:1000000$E5XOv4GfRS6G1lM1$f20725d366720c70c321d49fcad87d4b6e5d93376bd9bcbaaa458e25b980aff2
29,154.1,56.3,25.78,16,1,102.9,11.93,3.0311037037037036,6.65,5.26,1.26425855513308,36.5,5.14,202,102.0,1,3,0,14,2,1,1,Monica,Jacobs,monica.jacobs311@example.com,"[26.7, 12.0, 320.0, 12.0, 7.0]",pbkdf2:sha256:1000000$vUOx4X4EuoflEAVk$5e84976887f6fadf5bd810dc083de3f4e6186db32a19a6d6c7c3ad9de3598854
23,160.8,52.6,20.36,29,1,109.7,7.82,2.118158024691358,12.84,5.94,2.1616161616161613,53.6,6.08,180,153.0,3,3,0,24,0,0,1,Stacy,Russell,stacy.russell312@example.com,"[25.3, 12.0, 320.0, 10.0, 18.4]",pbkdf2:sha256:1000000$X4BO2BegcXNhLYvF$108ebcefc211b8b0b1d5e5fc8f511c9068df246b5d8c94c1707a7d8903d34c05
42,158.4,58.3,25.96,30,0,120.0,15.87,4.702222222222222,14.09,0.61,23.098360655737704,68.3,7.1,208,192.0,3,2,0,13,3,1,0,Christine,Elliott,christine.elliott313@example.com,"[29.2, 12.0, 320.0, 12.4, 25.0]",pbkdf2:sha256:1000000$N5yTNUht6jVy4IQF$0690626d4f173b6ed399c174b887cb3b0b4b38390bc0127078b9ac84bfac8998
22,160.7,68.2,29.48,27,0,127.8,20.2,6.3742222222222225,11.88,8.01,1.4831460674157304,41.1,4.65,215,169.0,3,1,1,9,1,1,0,Zachary,Wolf,zachary.wolf314@example.com,"[31.7, 12.0, 398.3, 21.2, 7.0]",pbkdf2:sha256:1000000$CMQVture2mHU0xqB$818b61c40ac319d496a651bf952627e28498f14add0484fb59567b91e1085463
35,152.5,61.4,21.43,36,1,96.4,6.45,1.5352592592592595,11.25,10.65,1.056338028169014,28.6,6.04,180,167.0,2,1,1,19,3,0,0,Jeremy,Jenkins,jeremy.jenkins315@example.com,"[25.0, 12.0, 320.0, 10.0, 7.0]",pbkdf2:sha256:1000000$YebpBp308ie78kIo$d4d4a4792a314d9746214a331227a3a8561c6436da1df7d9386de5c1ae141fc7
21,157.0,74.9,22.41,41,0,108.5,16.21,4.3426790123456795,6.11,3.43,1.78134110787172,41.7,2.39,216,87.0,1,2,0,13,2,0,0,James,Ryan,james.ryan316@example.com,"[28.7, 12.0, 320.0, 10.0, 7.0]",pbkdf2:sha256:1000000$z6ioSOA66XfQa4il$a3922a80836ea1e9239487caa3b3d00aa4492affbd64784e10c17a01346908ba
27,159.2,48.6,22.31,21,0,51.0,10.62,1.3373333333333333,3.83,6.61,0.5794251134644478,58.1,7.36,206,225.0,2,3,1,1,3,0,1,Jeffrey,Fowler,jeffrey.fowler317@example.com,"[25.0, 22.0, 320.0, 10.0, 25.0]",pbkdf2:sha256:1000000$BYjWI3g97syL0p9V$d6904abd210262afd6c18704e0669c50eeb5a31f439269136edcccf88904da73
40,158.5,59.3,26.98,28,1,111.5,25.88,7.124987654320988,6.11,7.27,0.8404401650618983,27.4,6.43,204,158.0,1,2,0,0,3,0,0,Pamela,Scott,pamela.scott318@example.com,"[32.8, 12.0, 320.0, 15.0, 7.0]",pbkdf2:sha256:1000000$TmelZ0I7lXaLxu33$39d078e52574520af24fa54886c7e85c5081efc3da9ee4c9f963962962b591b6
44,157.4,54.3,26.91,38,0,108.6,18.29,4.90442962962963,4.77,7.42,0.6428571428571428,36.7,3.05,168,209.0,1,3,0,11,1,1,0,Brandon,Mccann,brandon.mccann319@example.com,"[29.5, 22.0, 320.0, 14.8, 7.0]",pbkdf2:sha256:1000000$ZVXLOy6t9B0ZTSzr$d72b2ff68af2747cd5a29a80c46088287b0d816315c4573b55e22bbdcc8d2a2c
43,164.1,57.2,22.47,41,1,81.9,14.67,2.9666000000000006,0.26,2.8,0.09285714285714286,32.1,3.74,141,143.0,2,2,1,18,0,0,0,Danny,Christensen,danny.christensen320@example.com,"[26.6, 12.0, 338.7, 10.0, 7.0]",pbkdf2:sha256:1000000$AAEnTqszWURqTYwg$1190a6769228990883a4a2e4e5b694e99f8e87da915ac9af1d79ccbd755493bc
18,167.9,47.9,29.58,22,0,94.6,3.9,0.910962962962963,8.73,7.54,1.1578249336870028,57.8,8.1,168,103.0,3,2,0,19,0,0,1,Rhonda,Jenkins,rhonda.jenkins321@example.com,"[25.0, 12.0, 320.0, 21.4, 24.7]",pbkdf2:sha256:1000000$Z97N4is5zUXYjqqU$151bfc593f7259eacecf95da5261ebb38a69a9c7bfcbf49b062e56b1606be2bf
25,159.2,72.0,22.11,27,0,86.9,24.28,5.209708641975309,11.85,5.51,2.1506352087114338,45.1,3.18,190,133.0,1,2,0,16,1,0,0,Emily,Patterson,emily.patterson322@example.com,"[30.0, 12.0, 320.0, 10.0, 7.0]",pbkdf2:sha256:1000000$3dLwnpXocYUzrfew$12d99d3c8d85e241164874143f9907e7db092576f957563d4f5aa9cded7d3b3f
41,150.8,64.2,19.49,41,0,80.9,11.94,2.385051851851852,1.62,6.5,0.24923076923076926,23.2,9.88,219,152.0,2,3,0,9,0,0,1,Matthew,Weaver,matthew.weaver323@example.com,"[25.7, 12.0, 320.0, 10.0, 7.0]",pbkdf2:sha256:1000000$GiNZkfCG6PAJoZ0s$959596706c72d31cbbd24f004091cbdad34cfee2c1b19b5cf49b2471d86e6815
36,152.6,58.9,27.68,22,0,113.4,7.33,2.0524000000000004,7.18,2.43,2.9547325102880655,53.8,4.87,177,269.0,1,3,1,14,0,0,0,Zachary,Bryant,zachary.bryant324@example.com,"[25.2, 12.0, 322.7, 16.7, 18.7]",pbkdf2:sha256:1000000$j5BB1EfUeNZwq82E$24ae29b63441c5db39acd1fd429ba0581463d044f19b4edf26db2baa4e6eb7f8
43,161.7,73.4,22.1,37,0,112.6,5.12,1.4234864197530863,12.34,4.28,2.8831775700934577,35.5,7.02,154,155.0,1,1,0,19,0,1,0,Timothy,Davis,timothy.davis325@example.com,"[24.3, 12.0, 320.0, 10.0, 7.0]",pbkdf2:sha256:1000000$lHP1YHVyqrskpMW0$1edeabfcc7cb3023e6d598c8d3577cc74d80597096d19d058bb3989926114671
20,142.0,72.8,22.16,18,0,119.9,13.85,4.100283950617284,7.95,7.59,1.0474308300395256,35.3,6.75,188,209.0,1,2,0,1,0,0,0,Wendy,Morgan,wendy.morgan326@example.com,"[28.3, 12.0, 320.0, 10.0, 7.0]",pbkdf2:sha256:1000000$8OWCuN4z9kqZbca1$862675de615aaa904b26b24ed375f900b8d56a6580dbcb2518965a0e28e74537
31,159.8,76.4,37.01,31,0,77.9,19.4,3.7315061728395063,15.67,5.9,2.6559322033898303,64.9,6.54,209,149.0,2,2,0,16,1,0,0,Cathy,Blackburn,cathy.blackburn327@example.com,"[27.7, 12.0, 320.0, 40.0, 25.0]",pbkdf2:sha256:1000000$gQ2LSYlOGdyYMW9h$02fec8769eb21e22ebae1e5fa3541943a10b651c93d68008b5e7857ac6ef1e56
19,152.6,72.8,20.14,33,1,93.5,10.93,2.5233456790123454,9.37,2.28,4.109649122807018,63.5,9.89,237,152.0,2,3,1,14,2,0,0,Brent,Crawford,brent.crawford328@example.com,"[25.9, 12.0, 330.9, 10.0, 25.0]",pbkdf2:sha256:1000000$M3eqt3FByQA24Qbg$144231fef123ba345370012a324828e6bc411821da52a781191acb3c8646df88
44,153.2,52.3,27.22,30,0,112.0,0.85,0.23506172839506173,11.01,12.56,0.876592356687898,70.1,1.81,276,23.0,2,3,0,4,1,1,1,Jimmy,Marquez,jimmy.marquez329@example.com,"[22.5, 12.0, 320.0, 15.5, 25.0]",pbkdf2:sha256:1000000$5NrGGs0THjKzFdFt$0f7a4709614d129a4c6f55690a26231033656a8ae396a06b414aac59782d8f18
44,151.3,63.9,21.38,28,1,81.7,13.85,2.7939382716049384,9.53,6.94,1.3731988472622476,55.1,4.25,178,96.0,3,3,1,21,0,0,0,Natalie,Beard,natalie.beard330@example.com,"[26.3, 12.0, 335.6, 10.0, 20.7]",pbkdf2:sha256:1000000$usYMb7WTcfllCBO1$689212b4ed85611352492b193dd12a35d57cc4c37af2a9b802da9990faa43086
24,150.1,75.7,27.26,28,0,96.0,13.53,3.207111111111111,15.25,3.75,4.066666666666666,37.2,10.3,194,70.0,1,3,1,22,1,0,0,Paul,White,paul.white331@example.com,"[27.0, 12.0, 342.9, 15.7, 7.0]",pbkdf2:sha256:1000000$KSQKMYLJVCqUnYW3$c06262fa2396b1e9ad388979e1224046c7bf8c9a6777debd8ea89b0b069396c0
44,157.6,60.3,22.98,36,1,88.1,11.37,2.4733259259259257,10.35,6.45,1.6046511627906976,66.4,8.2,159,109.0,1,1,0,6,0,0,0,Dawn,Valencia,dawn.valencia332@example.com,"[25.9, 12.0, 320.0, 10.0, 25.0]",pbkdf2:sha256:1000000$pEpRgmHwEnpyUBqv$d0f5776eed53e751b1daeedb5106b3227d92956b15a4872b1b7dc99e39e75db5
29,148.6,57.0,29.83,24,0,83.1,29.26,6.003718518518518,6.48,8.37,0.7741935483870969,68.1,2.83,205,215.0,3,2,0,0,0,0,0,Sara,Sutton,sara.sutton333@example.com,"[31.2, 12.0, 320.0, 22.1, 25.0]",pbkdf2:sha256:1000000$Hc0BCIHK1MAhTACi$deb44a4f480053c06435cbd2e1b67fd5d4c9514e58d4207ee1cbb47c2768ce25
26,158.4,47.4,25.33,32,0,126.6,4.81,1.5035703703703702,8.55,5.36,1.5951492537313434,58.6,1.96,212,186.0,1,2,0,1,1,0,1,Charles,Moses,charles.moses334@example.com,"[24.4, 12.0, 320.0, 10.8, 25.0]",pbkdf2:sha256:1000000$2LT3wwcZbRoiLhV2$91609774f2221152e50109627c426fc8054cc44b10fea4be418b228c92b6adfc
38,152.4,69.1,18.9,34,0,116.1,13.48,3.8642666666666665,4.51,7.0,0.6442857142857142,84.5,2.18,213,256.0,2,2,0,2,3,0,0,Laura,Terrell,laura.terrell335@example.com,"[27.9, 22.0, 320.0, 10.0, 25.0]",pbkdf2:sha256:1000000$UaNUTAowOycd8z5G$603a67411ba392ba0b507116575ef19635914edeca6e45df851bbfadd7aa228d
42,154.9,66.5,30.54,44,0,116.2,16.02,4.596355555555555,21.32,4.01,5.3167082294264345,34.4,5.86,198,146.0,3,3,1,16,0,0,0,Joel,Collins,joel.collins336@example.com,"[29.0, 12.0, 367.2, 23.8, 7.0]",pbkdf2:sha256:1000000$E5CrNCADotPqfIH7$7d9fd7722d359edf6ec019330bb890ac22380d116a83806c6b112275dbeea298
42,159.0,61.0,31.89,37,1,100.7,17.16,4.266696296296296,11.6,9.9,1.1717171717171717,43.5,5.31,156,207.0,3,3,1,24,3,1,1,Edwin,Moore,edwin.moore337@example.com,"[28.6, 22.0, 361.4, 27.2, 7.0]",pbkdf2:sha256:1000000$v4PmdFOPgLB0yxbK$69f89a18613080973261eac2814915371ef99625904aca82eef05ab49f720d29
20,155.1,37.7,21.34,39,0,98.2,17.38,4.214113580246913,8.34,5.64,1.4787234042553192,50.9,10.44,178,121.0,1,1,0,24,3,1,0,Christy,Andrews,christy.andrews338@example.com,"[28.5, 12.0, 320.0, 10.0, 14.3]",pbkdf2:sha256:1000000$i6WdO9YFPuh1zVAj$e3da2e7b28adbaf7963110db6b1b14d85010c4c7b3caf423b9a61689582d09a9
23,152.4,58.4,19.0,25,1,103.3,27.55,7.02695061728395,14.19,5.23,2.713193116634799,42.9,1.52,170,236.0,1,1,0,23,0,0,0,Joseph,Vazquez,joseph.vazquez339@example.com,"[32.7, 12.0, 320.0, 10.0, 7.0]",pbkdf2:sha256:1000000$y8jR3PRnPkgtbWBB$1fdbf1f0892b9b2c85b1f754980464e6f4e313fcdbe0cd6fe791374106c399c9
22,154.6,69.6,30.08,32,1,79.9,4.65,0.9173703703703706,5.15,5.27,0.9772296015180267,72.6,6.23,190,6.0,1,1,0,15,0,1,0,Michael,Jones,michael.jones340@example.com,"[25.0, 12.0, 320.0, 22.7, 25.0]",pbkdf2:sha256:1000000$aE1cMAriacA2Ue75$a4a6c8215387178d0125ca463aa7e858244be9c635250a46c3bcae4da377e7a9
27,144.7,77.6,22.95,35,1,84.1,7.64,1.5864790123456787,16.76,6.99,2.397711015736767,48.5,4.39,178,133.0,3,3,0,2,2,0,0,Barbara,Acosta,barbara.acosta341@example.com,"[25.0, 12.0, 320.0, 10.0, 10.8]",pbkdf2:sha256:1000000$DYB9NrCIIuSaYVjL$6bac54bc251383345ea5d9499d2ab479360ba9e666dab565a40df166c6127255
20,151.2,71.0,26.66,32,1,103.3,14.86,3.7902172839506174,9.58,8.27,1.158403869407497,24.5,5.16,215,80.0,2,2,1,17,1,0,0,Michael,White,michael.white342@example.com,"[27.8, 12.0, 353.1, 14.2, 7.0]",pbkdf2:sha256:1000000$h6wRC4BjdLJu8yFe$842a8db643d1aeb547a8a922d5f393d598877d012a152c8dcd66e114c450ae66
33,145.5,73.0,21.47,34,1,90.4,27.05,6.037827160493827,7.19,4.39,1.6378132118451028,80.7,9.4,186,250.0,3,2,1,12,2,0,1,Nicole,Ruiz,nicole.ruiz343@example.com,"[31.2, 22.0, 392.4, 10.0, 25.0]",pbkdf2:sha256:1000000$eaIG9gOjKwF6vaVS$577d1bfb76b34b692d6992f23ac34b49210a09a77755e75cdb0aeef4b7ab480e
39,157.7,68.8,28.86,23,0,100.1,26.7,6.599185185185184,13.65,5.71,2.3905429071803854,75.5,7.53,215,146.0,3,2,0,3,3,0,1,Denise,Armstrong,denise.armstrong344@example.com,"[32.0, 12.0, 320.0, 19.6, 25.0]",pbkdf2:sha256:1000000$LcI0YUL4rWxM0vOR$552b3c8a4b6eb2b1b028865d882a663c158c6792276001b09c019db038a0c067
22,161.2,85.4,32.76,33,1,114.8,11.96,3.3901432098765434,15.35,3.26,4.708588957055215,63.3,9.06,267,66.0,2,1,1,1,2,1,0,Laura,Terry,laura.terry345@example.com,"[27.2, 12.0, 346.1, 29.4, 25.0]",pbkdf2:sha256:1000000$Omw3KoSCNACgpBuU$42ad1e7520e8acf254d29e4c968be269b10417c67211d01b3bb1fc250eaa3b1b
22,159.0,58.7,26.55,30,1,87.1,15.02,3.230227160493827,10.21,8.07,1.2651796778190831,52.7,2.82,220,106.0,3,1,1,3,2,0,0,Sherry,Holmes,sherry.holmes346@example.com,"[27.0, 12.0, 343.3, 13.9, 17.1]",pbkdf2:sha256:1000000$mCWeLmF5J6kfN2HZ$4414fdecc0c651dd1740d42e841332acd583adb99be7067b52ebfd16d413f981
34,155.6,63.1,26.25,50,1,114.6,13.79,3.902059259259259,10.52,4.46,2.358744394618834,38.7,5.86,176,155.0,2,2,1,17,0,1,0,Lauren,Evans,lauren.evans347@example.com,"[28.0, 12.0, 355.0, 13.1, 7.0]",pbkdf2:sha256:1000000$XqPe8YmlBYym5SgC$1b7b95c8ed05a1d9f76f439c3accb87ba65ed2dd0182d16fb83f808b48d34ee1
33,168.1,74.1,19.31,32,0,109.9,15.44,4.189767901234568,9.99,4.67,2.139186295503212,97.6,3.18,173,111.0,3,3,0,5,3,0,0,Amber,Boyd,amber.boyd348@example.com,"[28.4, 12.0, 320.0, 10.0, 25.0]",pbkdf2:sha256:1000000$kcfPHWTTYxjGE6I8$7d3ccef2b27ca1d9f10ae1ec80ebfba6a933d847c72bac0aec8c53774e8c8df6
43,142.3,60.9,17.73,42,1,80.2,6.41,1.2693382716049382,9.61,3.64,2.64010989010989,30.1,7.0,156,22.0,3,3,1,14,3,1,0,Matthew,Franco,matthew.franco349@example.com,"[25.0, 12.0, 320.0, 10.0, 7.0]",pbkdf2:sha256:1000000$xh5hR7ZvrkcYwcl0$b8c8d94adc859b4e94b2b3d318c6fa6223ec4bb36fbd26d7f6edc8b62a9d3aa8
21,159.0,55.3,31.16,35,0,115.5,12.02,3.427925925925926,4.74,7.37,0.6431478968792402,43.9,7.95,241,85.0,1,1,0,4,3,0,1,Amy,Young,amy.young350@example.com,"[27.3, 12.0, 320.0, 25.4, 7.0]",pbkdf2:sha256:1000000$uWaxchtvpovzfHk6$431e58a105e3d87ff67458437a25deffee708dd0db10cd473de2f074d1eabe02
41,148.6,39.8,25.25,26,0,85.5,16.55,3.4938888888888893,12.71,7.01,1.813124108416548,42.9,3.92,182,187.0,3,1,1,12,2,0,0,Christopher,Barnes,christopher.barnes351@example.com,"[27.4, 12.0, 347.9, 10.6, 7.0]",pbkdf2:sha256:1000000$5zLuwyeaL45WkLcS$c3f3f45edb38e355e313183841901f46bbde1dc9e709038603cf19ffc254b0a1
44,159.8,64.5,26.65,29,1,112.6,18.12,5.037807407407407,8.37,9.44,0.8866525423728813,29.9,8.55,191,213.0,2,1,0,16,0,1,1,Adam,Diaz,adam.diaz352@example.com,"[29.7, 12.0, 320.0, 14.1, 7.0]",pbkdf2:sha256:1000000$bygYX40JjxdpaRD9$7d76c776dc4594040c01153cf6e4841661e61dea332442da08a136afc37488a5
43,151.6,51.1,22.01,28,0,84.4,6.17,1.2857975308641976,8.74,5.21,1.6775431861804224,55.2,3.94,216,103.0,2,3,0,20,1,0,0,Christine,Santos,christine.santos353@example.com,"[25.0, 12.0, 320.0, 10.0, 20.8]",pbkdf2:sha256:1000000$Fwo7xS9VolPmoTIi$bf5e2ddf88cf1c9b43c019d86f6f0589d071a9be92e1d320452b31b4f3ea557b
44,157.8,54.2,29.53,31,0,112.4,20.92,5.805945679012346,11.09,3.59,3.0891364902506964,41.2,8.3,236,169.0,1,2,1,21,2,1,0,Elizabeth,Lee,elizabeth.lee354@example.com,"[30.9, 12.0, 388.4, 21.3, 7.0]",pbkdf2:sha256:1000000$592dX1tQQpryCoPW$1b2600a27eb108ec6c37c254bae4a45d8ea42a94185f4c42d97786ff2ef1110c
43,158.6,62.7,26.6,22,0,69.5,12.48,2.1416296296296298,11.65,5.37,2.169459962756052,25.8,1.64,151,5.0,3,2,1,1,1,1,0,James,Williams,james.williams355@example.com,"[25.4, 12.0, 324.2, 14.0, 7.0]",pbkdf2:sha256:1000000$QYnFznTHOn8DlGV6$355dcc87a6090374eebae7ab40524d8565f5a0fb05ff88d6d831a196fe3454ce
33,151.3,70.3,26.05,22,0,88.8,19.26,4.222933333333334,8.11,6.28,1.2914012738853502,83.3,6.49,117,122.0,3,2,1,2,1,0,0,Jacob,Mcpherson,jacob.mcpherson356@example.com,"[28.5, 12.0, 360.7, 12.6, 25.0]",pbkdf2:sha256:1000000$M1qIESY759pfQ15Q$e0318c74a21a445f3a6d1b6c4f2db324a3888c2d9ed7d8e26c81a3d1c8ce703a
32,150.4,42.3,22.59,37,0,96.3,17.16,4.080266666666667,19.47,5.23,3.7227533460803053,51.2,6.58,206,86.0,1,2,0,7,2,0,1,Timothy,Davenport,timothy.davenport357@example.com,"[28.3, 12.0, 320.0, 10.0, 14.8]",pbkdf2:sha256:1000000$HraLGfHLLGbXaIBa$7b0b68d43c9f69b1c411201d9535d27e5fc33de22f615fae48bfb629116b7ed8
28,155.4,64.8,39.34,37,1,88.7,2.9,0.6351358024691358,10.84,6.08,1.7828947368421053,35.6,3.21,225,202.0,2,1,0,3,0,0,0,Kimberly,Stewart,kimberly.stewart358@example.com,"[25.0, 12.0, 320.0, 45.9, 7.0]",pbkdf2:sha256:1000000$kQbViR3O0Dhg7vyY$c973e17997870a571e0a363bfd4afdf0c98afdfe2335293f0d0d259236323900
43,151.4,75.3,15.6,35,1,73.9,16.27,2.968772839506173,8.52,9.86,0.8640973630831643,64.3,1.84,217,185.0,2,2,0,3,3,0,0,Nicholas,Pham,nicholas.pham359@example.com,"[26.6, 12.0, 320.0, 10.0, 25.0]",pbkdf2:sha256:1000000$Un6LYTI9cA52s1oy$65dbaeb2e552e7db2c43d6087f10b4e82e27fa3c91131a9d7c032df37bf7f0b8
32,151.4,73.1,25.74,28,0,81.1,9.37,1.8763135802469133,12.03,5.43,2.2154696132596685,27.7,7.18,207,164.0,2,2,1,13,1,0,0,Susan,Nolan,susan.nolan360@example.com,"[25.0, 12.0, 320.0, 11.8, 7.0]",pbkdf2:sha256:1000000$QwLeCwAwKsSwjIK5$3558204544cb14220b8f254ec50a664fcc7a3907303dacf46d9620f854564836
35,153.0,67.2,23.58,29,0,86.5,4.87,1.0401358024691358,8.61,6.5,1.3246153846153845,53.9,0.51,168,156.0,2,3,0,6,2,0,1,Michelle,Davis,michelle.davis361@example.com,"[25.0, 12.0, 320.0, 10.0, 18.8]",pbkdf2:sha256:1000000$cuThmcGvWgJQcX5c$b7fd56764a10fa19e7e39cb9974fb3f0800feb3a873a6c55afc8913db2f44471
36,159.1,45.6,23.77,31,0,80.3,5.15,1.0210987654320989,8.57,6.07,1.411861614497529,39.2,4.97,203,89.0,3,2,1,1,1,0,0,Elizabeth,Shaw,elizabeth.shaw362@example.com,"[25.0, 12.0, 320.0, 10.0, 7.0]",pbkdf2:sha256:1000000$ZGVnsfnFryub8ixB$3d65ab4dbf8de4cc10dc0783150a8ef3cd4737dc44521d30975906d749424363
26,160.8,56.3,15.42,31,0,91.2,19.25,4.334814814814815,6.62,6.34,1.0441640378548895,55.7,8.1,203,162.0,3,1,1,1,2,1,0,Antonio,Proctor,antonio.proctor363@example.com,"[28.7, 12.0, 362.6, 10.0, 21.6]",pbkdf2:sha256:1000000$Q0ktbMLpeVT5KNa4$f2305ca4cf81dfeef847dd34e7edc958a607ebb3763515cf0c29e0976c465cc5
38,156.9,55.9,33.39,39,0,100.5,3.54,0.8784444444444444,13.06,5.56,2.3489208633093526,51.9,9.27,169,63.0,1,2,1,7,1,0,0,Peggy,Padilla,peggy.padilla364@example.com,"[23.5, 12.0, 320.0, 31.0, 15.8]",pbkdf2:sha256:1000000$Un0bV8bRox1UglHR$cc2ac1d88ef8cedf0a9fe60761fcaebd8183b8eea1e059bf192ab607f15fb4d2
21,143.3,63.7,22.54,35,0,91.8,6.58,1.4914666666666667,10.59,7.98,1.3270676691729322,50.4,6.54,117,200.0,3,1,1,10,2,0,0,Deborah,Williams,deborah.williams365@example.com,"[25.0, 13.5, 320.0, 10.0, 13.6]",pbkdf2:sha256:1000000$ztCEHPJzQlr32O79$e1cacc8fb36717c8dd02218cdac241563957ef49ccfe24d51e660e1ca3f0252e
22,156.1,61.5,23.49,35,0,78.8,20.52,3.9925333333333333,9.83,7.65,1.2849673202614378,76.8,7.76,232,164.0,1,2,1,12,1,0,1,Linda,Robinson,linda.robinson366@example.com,"[28.1, 12.0, 356.6, 10.0, 25.0]",pbkdf2:sha256:1000000$dAIG25vmCwf02XeK$8a2ef210d8b0fb633f7b686036d23cd9550ccd543d9f8d902949076adf527d9d
29,157.5,64.3,22.65,33,0,92.8,0.01,0.0022913580246913577,4.8,6.74,0.7121661721068249,72.3,2.11,146,208.0,1,2,1,4,1,0,0,Corey,Jackson,corey.jackson367@example.com,"[25.0, 22.0, 320.0, 10.0, 25.0]",pbkdf2:sha256:1000000$lG746COTwj5sZbTr$a6282e5a7bc180c93666eaff5a5d2718d587c8b7b9ae11fdbc1bafca65f0c0bf
34,170.1,47.8,28.5,29,1,100.4,12.82,3.1780938271604944,7.18,5.84,1.2294520547945205,33.3,3.13,208,144.0,3,2,1,7,2,0,0,Brian,Mendoza,brian.mendoza368@example.com,"[26.9, 12.0, 342.4, 18.8, 7.0]",pbkdf2:sha256:1000000$H3jOWIiAiVlfOuR7$2ba32fe827547aacf01e7b201f7b26dc50057a9b8ebb950e17b4a62d03eb1d15
34,167.8,56.2,24.65,33,1,95.3,16.37,3.852002469135803,10.56,7.32,1.4426229508196722,88.5,8.22,147,154.0,2,1,0,18,1,0,1,Melissa,Roach,melissa.roach369@example.com,"[27.9, 12.0, 320.0, 10.0, 25.0]",pbkdf2:sha256:1000000$bZTWkFSbrr3CEczq$ccae6075ecdeba989f0595d9edccbbfb011597412a4b5b1da9a373db3c97a770
20,152.2,89.7,25.12,35,0,93.5,28.6,6.602716049382716,17.15,7.01,2.4465049928673324,40.7,5.33,233,158.0,1,1,0,12,2,0,1,Jamie,Harrington,jamie.harrington370@example.com,"[32.1, 12.0, 320.0, 10.3, 7.0]",pbkdf2:sha256:1000000$3NgwFPXajMRMU3X7$312d398884f99891be8b2a5919d1a772a5439ff880c68fe55ee509fc8be9a635
19,157.4,52.6,24.22,32,0,117.9,14.13,4.1134,12.12,8.96,1.3526785714285712,47.7,11.18,175,218.0,3,2,1,4,3,0,1,Brian,Alvarado,brian.alvarado371@example.com,"[28.3, 22.0, 358.7, 10.0, 9.6]",pbkdf2:sha256:1000000$xCnA4rqvkMZpiRsc$4148d6a930c66b4e3f3a1cda03f7def48010615c2acc69258ecab79ddab4f823
42,156.9,54.1,27.92,35,0,95.5,17.98,4.239728395061729,10.26,5.53,1.8553345388788425,65.9,4.94,166,212.0,3,2,0,8,1,0,0,Corey,Shaffer,corey.shaffer372@example.com,"[28.5, 22.0, 320.0, 17.3, 25.0]",pbkdf2:sha256:1000000$UIx0N9phVvh0k3Ru$16f13dd5f4fe076420d4b3f4cd02453bab89f292fd48bfbd8359656357eed663
41,152.2,67.6,28.77,39,1,93.8,14.84,3.4370172839506172,6.76,8.14,0.8304668304668303,46.7,0.38,184,218.0,3,1,0,0,1,1,0,Timothy,Bright,timothy.bright373@example.com,"[27.3, 22.0, 320.0, 19.4, 8.1]",pbkdf2:sha256:1000000$vFo0SECLq0MJCQ6l$dfd6b095db2c08b0148f7c6319ea003c5bc0665c51236a0915a9aefd51a5aa42
44,159.6,45.9,28.66,28,1,137.1,5.31,1.797533333333333,13.84,7.34,1.8855585831062671,40.1,5.2,213,146.0,2,1,1,18,2,1,0,Shane,Coleman,shane.coleman374@example.com,"[24.8, 12.0, 320.0, 19.1, 7.0]",pbkdf2:sha256:1000000$Z6bTjfa6GSdmdRA6$64c442e1722d362221c2c5bb1c419a951fa0aedec5b344a80bba88404d6f45c7
32,155.6,54.5,30.42,28,0,100.1,12.83,3.171069135802469,11.9,5.42,2.1955719557195574,93.7,8.12,212,118.0,1,2,1,13,1,1,0,Michael,Stafford,michael.stafford375@example.com,"[26.9, 12.0, 342.2, 23.6, 25.0]",pbkdf2:sha256:1000000$ucNN2oJ9NqHImAOj$bedaf77679085843f28efa33bd4300bf17e71e09ef4f0b00a32055a6ff949be4
34,150.7,60.0,22.57,25,0,69.7,21.08,3.6278419753086415,15.59,6.95,2.243165467625899,36.8,9.49,148,125.0,3,2,0,20,3,1,0,Laura,Maldonado,laura.maldonado376@example.com,"[27.6, 12.0, 320.0, 10.0, 7.0]",pbkdf2:sha256:1000000$ok1eIAVobJ5hxhau$3f52ea1fad644d6b615919c7a8bbbec1033c42fcf8008b08753c123f1f45cfb7
38,157.9,44.1,24.84,37,1,90.3,12.44,2.773659259259259,10.15,2.48,4.092741935483871,37.1,4.62,240,95.0,3,2,0,2,3,0,0,Jessica,Brady,jessica.brady377@example.com,"[26.3, 12.0, 320.0, 10.0, 7.0]",pbkdf2:sha256:1000000$3OUuatNNHEK7qtQp$5cad2c2b525d78da909f06b9ed4490d49850f5d537c3a2533f358660dcc3a7b4
34,159.4,68.2,23.82,46,0,121.8,6.16,1.852562962962963,4.64,8.92,0.5201793721973094,29.7,5.5,185,62.0,1,1,1,6,2,1,0,Eric,Rasmussen,eric.rasmussen378@example.com,"[24.9, 12.0, 320.0, 10.0, 7.0]",pbkdf2:sha256:1000000$ODkz1ShutllYZlck$ed149fe8791d1650535aa8e9ed76151f32760998ca407a9ef64064152c6cc4b6
33,154.8,44.3,26.56,41,1,95.2,24.17,5.681441975308643,10.7,5.03,2.1272365805168985,29.0,5.13,180,131.0,3,2,0,15,1,0,0,Jon,Mason,jon.mason379@example.com,"[30.7, 12.0, 320.0, 13.9, 7.0]",pbkdf2:sha256:1000000$GKWqPkWGYEGeQehn$fe6143d49843621f47d6cbc214ead15c0200ead595f37288f8fe3c73f52b6d68
24,165.5,71.6,23.17,37,0,98.1,11.67,2.8267333333333333,9.47,6.05,1.5652892561983474,48.5,4.6,231,271.0,2,3,1,21,3,1,1,Martin,Armstrong,martin.armstrong380@example.com,"[26.4, 22.0, 336.2, 10.0, 10.8]",pbkdf2:sha256:1000000$ffIcs5Rw8U7YTtiS$20eeaf924bc39d0dcd2b42f8fec8774896a2de19bab1668eb15e888905ea3154
33,150.0,48.7,26.14,31,0,100.7,17.89,4.448204938271605,10.85,6.67,1.6266866566716642,89.5,2.89,176,164.0,1,1,0,22,1,0,1,Kelly,Stevens,kelly.stevens381@example.com,"[28.8, 12.0, 320.0, 12.9, 25.0]",pbkdf2:sha256:1000000$hAQDnQ2naPLRrct6$c3dbe952821be4690e01adf36d8a59837b7ea3d5e56c21ee4d0f5c72291f69e7
18,162.4,59.7,24.55,39,1,85.8,17.15,3.6332592592592587,13.67,4.35,3.142528735632184,88.6,5.09,186,190.0,2,1,1,20,2,0,0,Shane,Hart,shane.hart382@example.com,"[27.6, 12.0, 350.3, 10.0, 25.0]",pbkdf2:sha256:1000000$reJbFc494L9iIs5Z$55dec3ce511923e11a6f648201e9cd5e1e4b9d5b6078dc70fec5353b89f55732
30,157.1,44.0,24.89,36,0,58.6,10.03,1.451254320987654,5.89,4.63,1.2721382289416847,46.7,0.74,195,194.0,2,2,0,1,2,0,0,Derek,Lee,derek.lee383@example.com,"[25.0, 12.0, 320.0, 10.0, 8.1]",pbkdf2:sha256:1000000$TXmprrxNv6FbFXZU$6b53c2213178a3b85c579da24ab141993748c8eda13081b5ea4b2dd17c423cac
19,162.3,78.6,27.49,44,0,93.7,21.55,4.985765432098765,16.43,7.46,2.202412868632708,55.4,9.26,249,132.0,1,3,0,19,2,0,0,Brian,Bell,brian.bell384@example.com,"[29.6, 12.0, 320.0, 16.2, 21.1]",pbkdf2:sha256:1000000$9BXJYsPj9ScBN2iY$9567c10f524265b485b5ff0e5454a767849092680bb0c81083605c337596968d
31,162.2,66.1,31.67,44,0,79.5,22.66,4.448074074074074,10.67,7.32,1.4576502732240437,48.3,2.53,114,139.0,3,3,1,3,0,0,1,Robin,Smith,robin.smith385@example.com,"[28.8, 12.0, 364.6, 26.7, 10.4]",pbkdf2:sha256:1000000$4kbcl5oeNveppGsq$d0e4a7cf27d5632bd0f6e98dc06dfa82428d084e3620a30fcf2cbadb195ed389
19,158.8,99.1,26.26,37,0,103.9,25.72,6.598291358024691,2.51,9.09,0.2761276127612761,58.5,6.26,175,131.0,2,2,0,19,2,1,0,Diana,Williamson,diana.williamson386@example.com,"[32.0, 12.0, 320.0, 13.2, 25.0]",pbkdf2:sha256:1000000$6FAgumfe5pe5qjhK$9b7fdead2add4039835ac7b29276f51829fd42b02a45e32fb26982a3523f2351
44,151.9,62.0,28.05,24,0,110.5,11.68,3.186765432098765,13.82,3.05,4.531147540983607,42.8,5.6,176,130.0,1,3,0,7,1,0,0,Morgan,Rodriguez,morgan.rodriguez387@example.com,"[26.9, 12.0, 320.0, 17.6, 7.0]",pbkdf2:sha256:1000000$yYuYGJn0SM5zHT1H$dce4a23bd59b78d30d8f26f98833c9261d325b992009d83ec68f663ad604561f
31,152.2,49.4,16.79,27,0,103.4,16.27,4.153871604938272,3.28,2.31,1.4199134199134198,39.4,7.05,239,168.0,2,2,0,8,0,0,0,Willie,Brown,willie.brown388@example.com,"[28.4, 12.0, 320.0, 10.0, 7.0]",pbkdf2:sha256:1000000$YEF5yvm4arZZD8tQ$e746029f2c9f7f5b89d79e710d7cee41409d3def80f7a9895d2a7342eeeb8c8c
22,153.4,63.2,32.98,35,0,88.4,5.77,1.2594271604938272,13.09,2.19,5.9771689497716896,41.5,4.55,231,145.0,3,3,0,14,2,0,0,Justin,Cowan,justin.cowan389@example.com,"[25.0, 12.0, 320.0, 29.9, 7.0]",pbkdf2:sha256:1000000$RADa4CuABngBbyjp$73c3873a499b1880ef80b27d818c1c36c0d31755cc544ecba86b8f0b30eabe30
26,167.4,80.8,27.26,23,0,88.8,13.85,3.0367407407407403,7.51,3.69,2.035230352303523,82.2,5.02,225,141.0,3,3,0,16,3,0,1,Adam,Costa,adam.costa390@example.com,"[26.7, 12.0, 320.0, 15.7, 25.0]",pbkdf2:sha256:1000000$XeXJ5dJsYbyXAXrf$09320f01e5067ce69ad1c01bf04afdd6a325aafd42aa8f1dcaaa83496968ac25
38,159.1,69.5,25.04,35,1,88.2,13.68,2.9792,6.75,4.8,1.40625,59.2,0.05,114,139.0,3,1,1,10,3,1,0,Betty,Hutchinson,betty.hutchinson391@example.com,"[26.6, 12.0, 338.9, 10.1, 25.0]",pbkdf2:sha256:1000000$Nqfcwu5XWAWdCgLd$8844fcdefa4f0f223f19d97a82b2e033bbf1324c5aeb55235e98b45c4154892f
19,155.3,58.0,23.98,43,1,99.9,13.04,3.216533333333333,14.16,6.96,2.0344827586206895,21.0,3.55,158,189.0,2,2,1,1,2,0,0,Jason,Cisneros,jason.cisneros392@example.com,"[27.0, 12.0, 343.0, 10.0, 7.0]",pbkdf2:sha256:1000000$nQgoJasdSgGHatU2$74beb6e3e1837fd9902b2199e856c494e825fe46b991b2cdb3c916eb4bb3c6b6
41,144.8,73.4,26.97,39,0,104.4,10.02,2.582933333333333,12.43,3.98,3.1231155778894473,76.9,4.56,149,131.0,2,1,0,8,3,0,1,Jason,Morales,jason.morales393@example.com,"[26.0, 12.0, 320.0, 14.9, 25.0]",pbkdf2:sha256:1000000$s3UTT09TD3JBdQlH$9978c21849f33cfab679b904d12a9bf609646fa1b35141105c1916239cf1c18c
25,163.0,73.3,18.92,24,0,84.1,16.16,3.3556938271604935,10.39,3.79,2.741424802110818,81.4,4.73,151,58.0,3,3,0,6,3,0,0,Jasmine,Alvarado,jasmine.alvarado394@example.com,"[27.2, 12.0, 320.0, 10.0, 25.0]",pbkdf2:sha256:1000000$f3lYal9R9t8xZ7eB$807dfd5e155879df427d6172899589a1e13ad20abd70e3c993523516ce6ddb02
32,156.5,57.4,22.49,38,0,104.9,8.82,2.2844888888888892,8.99,8.67,1.0369088811995386,45.8,4.29,211,100.0,1,3,1,7,3,0,1,Daniel,Taylor,daniel.taylor395@example.com,"[25.6, 12.0, 326.7, 10.0, 7.0]",pbkdf2:sha256:1000000$k1eww2ZNmZIhbw8d$54677704ca635821191514d1bdc4b6bd57b9fab7c7f15b9331054ef65162ea65
18,147.8,86.2,24.81,38,0,70.6,18.64,3.249343209876543,10.61,9.92,1.0695564516129032,90.6,8.19,240,42.0,1,3,0,20,0,0,0,Kenneth,Mitchell,kenneth.mitchell396@example.com,"[27.0, 12.0, 320.0, 10.0, 25.0]",pbkdf2:sha256:1000000$wVEEkU8bWojhsjm0$395a1eb1ae50e6fa0431d498804f1fc9b39ac545b45990fd9ab6f08a99bf660b
19,158.2,49.4,22.09,22,0,134.9,2.05,0.6828271604938272,9.49,3.94,2.4086294416243654,63.2,4.28,265,78.0,3,3,1,9,2,0,0,Timothy,Sherman,timothy.sherman397@example.com,"[23.2, 12.0, 320.0, 10.0, 25.0]",pbkdf2:sha256:1000000$NzhDxh5YaxHnkizq$11936e6d3c78b92201f8bcd3a60f03da45ce9982750ed54642bed87efc6fb2b2
33,147.9,40.6,16.32,32,0,111.9,13.98,3.8626222222222224,5.88,6.08,0.9671052631578947,50.8,7.65,157,25.0,2,2,1,7,3,0,0,Sharon,Freeman,sharon.freeman398@example.com,"[27.9, 12.0, 354.3, 10.0, 14.2]",pbkdf2:sha256:1000000$k20n11mPTJKqnWFk$32d3303e73eeaa79d0d0d461e4372bc6720e50967a4d87caa37af8e6e68e0eef
20,144.6,61.7,25.47,33,1,74.1,6.33,1.1581555555555556,7.57,2.79,2.7132616487455197,86.2,9.27,184,135.0,3,2,0,2,1,1,0,Nicholas,Cowan,nicholas.cowan399@example.com,"[25.0, 12.0, 320.0, 11.2, 25.0]",pbkdf2:sha256:1000000$kPTQcd9jYylZI7dR$f5ecedd420594c8c8ce65f2e0e92cb780f25d8c60fccbd28ef5dd0a5b58bca21
43,157.9,68.0,20.27,30,0,66.7,10.58,1.7424345679012347,7.84,4.5,1.7422222222222221,58.3,3.21,187,219.0,3,1,0,15,3,0,0,Christine,Morse,christine.morse400@example.com,"[25.0, 22.0, 320.0, 10.0, 25.0]",pbkdf2:sha256:1000000$GqzDoE9qphXk05jp$f455c47992c2bfa8fbaa3e58abaf24d9dc67e9b28b5d04d28c6be35468c10db6
35,162.8,31.1,35.33,39,0,105.4,13.84,3.6018172839506177,0.6,7.15,0.0839160839160839,54.5,5.96,182,88.0,2,3,0,7,0,0,1,Jamie,Webb,jamie.webb401@example.com,"[27.6, 12.0, 320.0, 35.8, 19.8]",pbkdf2:sha256:1000000$JlPuKTLHLaYJU7TJ$d5838bab67e048044d1d149d32b7e8b2c925a2212248d58d2ef3723f8e827c0c
44,161.0,61.4,17.0,37,1,124.0,13.72,4.200691358024692,17.79,6.71,2.651266766020864,64.6,3.82,171,120.0,3,3,0,2,3,0,0,Cody,Salinas,cody.salinas402@example.com,"[28.5, 12.0, 320.0, 10.0, 25.0]",pbkdf2:sha256:1000000$dlunK25TcIE7rw3f$9686e42917ac1c265140484a48fd749b52353375422fe4476c06578d65aad3ff
18,169.5,81.3,26.83,29,1,102.6,8.99,2.2774666666666668,6.71,6.87,0.9767103347889374,49.9,7.66,209,173.0,2,1,1,15,2,0,1,Kristen,Williams,kristen.williams403@example.com,"[25.6, 12.0, 326.6, 14.6, 12.8]",pbkdf2:sha256:1000000$o92OJ8KkCCFzugai$c903dc04e4da4d44927cb5a72b5f23b94d17bf60df31d63788bbbfdc501cf483
19,166.1,68.2,22.74,35,1,81.1,9.16,1.8342617283950617,7.47,4.74,1.5759493670886076,39.3,3.28,223,126.0,3,1,1,0,1,1,0,Lisa,Gray,lisa.gray404@example.com,"[25.0, 12.0, 320.0, 10.0, 7.0]",pbkdf2:sha256:1000000$Kcd1yTAgGnfjD8WV$93beb496a780965958eed80ba394a6077becc76ac69c41f2fe285a68edbc1348
20,157.3,59.6,22.81,27,0,97.3,13.85,3.32741975308642,2.17,7.65,0.28366013071895424,56.2,3.28,209,170.0,2,3,0,0,1,0,0,John,Daugherty,john.daugherty405@example.com,"[27.1, 12.0, 320.0, 10.0, 22.3]",pbkdf2:sha256:1000000$Iu8v9GVsrI2W2Geu$2ae316b1b0b1435b4f9f56e54b15ecf4d82ecbfdd1e37bb5764177fe503b9a3a
18,151.7,49.2,28.74,29,1,92.5,20.9,4.773456790123456,12.45,8.23,1.5127582017010934,49.5,2.51,212,116.0,1,2,0,21,3,0,0,Lisa,May,lisa.may406@example.com,"[29.3, 12.0, 320.0, 19.3, 12.2]",pbkdf2:sha256:1000000$oOmHpWd6gOuFvQdq$012b62c2129632b75edf42cea8f4994067b01ff911e6452fa53a7316ea2ddb63
19,159.4,45.4,24.54,37,0,75.2,15.11,2.8056098765432096,4.91,6.8,0.7220588235294118,85.5,8.19,187,147.0,3,1,1,22,3,0,1,April,Williams,april.williams407@example.com,"[26.4, 12.0, 335.8, 10.0, 25.0]",pbkdf2:sha256:1000000$CoDA2xPKWGopuJ3x$c57b712a5e1e2b82dfe16440a2cb242092af473aebd6ea6bc8d75ce3e0956f53
33,160.8,76.2,19.61,30,1,86.5,13.85,2.9580864197530863,14.79,5.88,2.5153061224489797,20.3,2.57,198,126.0,3,1,1,11,0,0,1,Priscilla,Salas,priscilla.salas408@example.com,"[26.6, 12.0, 338.5, 10.0, 7.0]",pbkdf2:sha256:1000000$e2y81NSCsmRUGuj5$90cf6c19be40258edf9542b831da566195efb0e4fb602ca325b5c60e894a568b
31,170.6,71.6,34.98,31,0,99.0,7.38,1.804,16.46,6.6,2.493939393939394,93.7,10.72,155,149.0,2,2,0,18,0,1,0,Mathew,Smith,mathew.smith409@example.com,"[25.0, 12.0, 320.0, 34.9, 25.0]",pbkdf2:sha256:1000000$wgbPk2qL9AKeZb5J$ce10c2051caa1bac255d1236803f801fac2dfa71217fc86435c697a9fb1417f6
41,155.2,64.7,32.51,25,0,93.5,16.99,3.9223827160493823,3.32,5.52,0.6014492753623188,51.5,3.98,183,115.0,1,1,0,20,1,0,0,Thomas,Collins,thomas.collins410@example.com,"[28.0, 12.0, 320.0, 28.8, 15.2]",pbkdf2:sha256:1000000$x5lNQBuAKjCr6RCk$02b9cdcfd3e1fc2e6ded363478334c64c4bd390a1552e60b1db5c840be6802f1
42,151.1,66.0,26.45,20,1,84.2,11.23,2.334730864197531,11.58,8.84,1.3099547511312217,50.5,1.02,138,111.0,1,1,1,14,3,1,0,Richard,Douglas,richard.douglas411@example.com,"[25.7, 12.0, 327.6, 13.6, 13.8]",pbkdf2:sha256:1000000$ciIYWbTdMKTGrOPE$eed7525af68fd883a03be8d5564fd8b69a4cb74fab2d97c05844854b98907e00
18,150.7,42.9,31.84,33,1,80.3,9.12,1.8082370370370369,11.0,5.31,2.0715630885122414,62.7,5.74,215,98.0,3,1,0,12,0,0,0,Julie,Allen,julie.allen412@example.com,"[25.0, 12.0, 320.0, 27.1, 25.0]",pbkdf2:sha256:1000000$RVImRS7KCNVOHr9I$1810a6e42f63a92573eae20d717189dbb00fbc62c731f17f73f263f9aa00cdbd
18,171.4,72.7,26.23,26,0,94.0,27.61,6.408246913580247,14.15,6.37,2.221350078492936,68.5,5.28,175,86.0,2,3,1,23,3,0,0,Brian,Robinson,brian.robinson413@example.com,"[31.8, 12.0, 398.9, 13.1, 25.0]",pbkdf2:sha256:1000000$TmEJdIlprb9FMcZd$db4c1eb4cd49bf0600f35eab369e6aa641c9f100c64c3bc3f294f4d59b678e86
41,162.3,63.8,24.9,28,0,85.1,11.69,2.4563432098765428,7.23,3.13,2.309904153354633,54.8,4.56,231,93.0,2,1,0,21,3,1,0,Joshua,Lewis,joshua.lewis414@example.com,"[25.8, 12.0, 320.0, 10.0, 20.2]",pbkdf2:sha256:1000000$TVxbZoo0aDvXoopn$3b21f5dd111fd7411e312992167f2c3e1a1000bf9754908bc615a06219eabd6a
35,160.6,46.3,32.58,42,1,118.7,9.17,2.6876024691358027,4.52,3.93,1.1501272264631042,49.8,2.64,211,219.0,3,2,1,10,3,0,0,Raymond,Edwards,raymond.edwards415@example.com,"[26.2, 22.0, 333.8, 28.9, 12.7]",pbkdf2:sha256:1000000$AVuk6KX2F6QbMNRF$11a10bf200f48651b45ddfaed5ea207d685d3478132df213461510cbf3a8eaec
36,146.4,58.0,18.01,16,1,75.9,9.87,1.8497111111111113,8.65,4.81,1.7983367983367986,68.8,3.58,197,168.0,3,2,0,14,2,1,0,Brian,Taylor,brian.taylor416@example.com,"[25.0, 12.0, 320.0, 10.0, 25.0]",pbkdf2:sha256:1000000$8aWV192BUcgQM4il$f89b3a8e3e66aaa0133e830f36c481817d2fd2fcde988b5777af6abdcd0fdbab
40,151.6,51.2,28.34,34,1,81.0,11.51,2.302,12.92,6.69,1.9312406576980568,81.6,4.6,176,74.0,2,3,0,20,3,0,0,Sarah,Wu,sarah.wu417@example.com,"[25.6, 12.0, 320.0, 18.4, 25.0]",pbkdf2:sha256:1000000$R3PhlmzqDX06bzSO$280d1d2b66496ca2645eebd080c6de0c00b63f0f55f05a782966897e47921370
42,162.4,65.8,27.1,49,0,95.8,3.24,0.7664,9.61,7.23,1.3291839557399723,86.6,3.37,236,143.0,2,3,1,9,3,0,0,Gregory,Harris,gregory.harris418@example.com,"[25.0, 12.0, 320.0, 15.3, 25.0]",pbkdf2:sha256:1000000$wmWUg3StHDYnrA9h$a843187f9603d53b96da4a3748f5cde8c88f51136572a0317831ec88d0989ba3
23,170.3,47.3,23.96,37,1,95.3,12.56,2.9554765432098766,10.52,7.19,1.4631432545201668,54.2,6.95,177,84.0,2,3,1,24,0,0,0,Jasmin,Lewis,jasmin.lewis419@example.com,"[26.6, 12.0, 338.5, 10.0, 19.3]",pbkdf2:sha256:1000000$ZgAFkiDxmzmYOfBL$4eb3d89c334deb3da68baf61b901e87f9e086c1b3a2896acc8b87988a27698b9
39,143.2,59.5,26.12,37,0,85.5,24.16,5.100444444444444,15.06,6.14,2.452768729641694,62.7,6.35,147,223.0,2,1,0,3,1,1,0,Jonathan,Hall,jonathan.hall420@example.com,"[29.8, 22.0, 320.0, 12.8, 25.0]",pbkdf2:sha256:1000000$FzEQAbRfdTiDNPK0$b638c29cfc83f4ae569955f53d1fc4053f4c7ead65e48d25261ccd8e55f8cb3e
29,154.0,61.8,34.42,33,1,86.8,17.09,3.6627456790123456,10.12,3.81,2.6561679790026242,63.2,8.31,171,138.0,1,3,1,10,1,0,0,Jessica,Russo,jessica.russo421@example.com,"[27.6, 12.0, 350.8, 33.6, 25.0]",pbkdf2:sha256:1000000$uhkI5ZTpzH8faAV6$34ad7362c23921489e7268c6c27fc4a7f780e125568b84f49568fb444f963e72
32,167.7,66.5,22.65,43,1,108.9,21.68,5.8295111111111115,9.78,8.95,1.0927374301675978,49.1,9.35,246,140.0,2,3,0,17,2,0,0,William,Johnson,william.johnson422@example.com,"[30.9, 12.0, 320.0, 10.0, 11.7]",pbkdf2:sha256:1000000$atBy5PxW7plLJ10r$8b137e8c7344aad087024e285bc5dedbb7bb561e7c4d912b4d0b4d4ec38da4ac
29,159.6,61.6,31.38,25,0,97.9,30.34,7.334039506172839,5.75,4.39,1.3097949886104785,56.0,7.96,256,103.0,1,3,1,8,3,0,0,Adam,Vazquez,adam.vazquez423@example.com,"[33.2, 12.0, 415.1, 25.9, 22.0]",pbkdf2:sha256:1000000$0amjSSRnIZPcqPNT$a44a858cd06ce5e8ffd466299821cbedfa1d7881182e4d487407050f0b2bde30
44,167.8,68.7,23.47,42,1,99.3,21.33,5.2298,4.18,8.71,0.47990815154994254,79.2,6.92,223,169.0,1,2,1,10,0,0,0,Jessica,Mitchell,jessica.mitchell424@example.com,"[30.0, 12.0, 378.3, 10.0, 25.0]",pbkdf2:sha256:1000000$QHt8PT6Wnv1otdD9$12a196d79b180a6b5a0b64fe481b524bac1fc80b0c4ac59a94c17612b7bc3aae
39,154.4,55.5,33.07,29,0,105.6,13.85,3.611259259259259,17.6,3.81,4.619422572178478,58.5,10.48,173,192.0,2,1,1,4,1,0,1,Patrick,Davis,patrick.davis425@example.com,"[27.6, 12.0, 349.9, 30.2, 25.0]",pbkdf2:sha256:1000000$jSgC8JdefSbKNjrm$261c06829843bc01ecb3086438237caed225fdfbd43c0f18442940f7e274f988
39,159.9,59.9,28.92,45,0,83.9,14.27,2.9561802469135805,9.74,9.51,1.0241850683491063,90.6,4.12,186,91.0,1,1,1,18,3,1,1,Dawn,Fernandez,dawn.fernandez426@example.com,"[26.6, 12.0, 338.5, 19.8, 25.0]",pbkdf2:sha256:1000000$GUveAMkcCKZvltfy$9954790b297a77821b5e2861e48709f1b038e1658930311c3b5b52df3b84dcf8
31,157.5,56.6,22.08,32,1,101.5,5.59,1.4009506172839505,11.29,7.92,1.4255050505050504,84.9,9.65,244,208.0,2,2,1,13,3,1,1,Jennifer,Good,jennifer.good427@example.com,"[24.3, 22.0, 320.0, 10.0, 25.0]",pbkdf2:sha256:1000000$EBcCKgujA8NiGBv6$05e91c3ace303ad96f3c02d571489a0c43ee12799bb7c5895ba01b445a18d5cf
38,160.8,71.1,19.57,29,0,87.2,18.5,3.98320987654321,10.69,7.74,1.3811369509043927,76.4,4.71,238,151.0,3,2,0,6,0,0,0,Haley,Preston,haley.preston428@example.com,"[28.1, 12.0, 320.0, 10.0, 25.0]",pbkdf2:sha256:1000000$rE5rGvU2P9jnvUme$a1018ce941562c66ada8045a31aac8340b5305c8eb91bfcd22c0cb498f9fabe1
23,160.3,78.7,25.5,47,0,89.1,13.29,2.9238,8.28,3.67,2.2561307901907357,47.2,8.28,186,111.0,1,3,0,23,3,0,1,Ian,Ware,ian.ware429@example.com,"[26.5, 12.0, 320.0, 11.2, 8.8]",pbkdf2:sha256:1000000$EZxqCP8usP5lh3ut$6e6d092b26a83d328d2892812dfe7124e64268928ab766c1a53cf0dbc95f7542
37,157.4,66.1,19.83,38,0,100.6,20.11,4.9952246913580245,1.19,6.92,0.17196531791907513,38.9,6.06,176,71.0,2,2,0,1,1,1,0,Troy,Jones,troy.jones430@example.com,"[29.6, 12.0, 320.0, 10.0, 7.0]",pbkdf2:sha256:1000000$eEQomsBWzUH0Mtvi$75868cfd72505927c7d553ec289ecf76affe255887d161dd37539a98c8cdb86d
29,146.8,66.5,23.24,30,1,96.1,13.34,3.1653679012345677,11.08,6.06,1.8283828382838285,95.7,6.1,197,218.0,3,3,0,5,1,1,0,William,Tucker,william.tucker431@example.com,"[26.9, 22.0, 320.0, 10.0, 25.0]",pbkdf2:sha256:1000000$wbApE4RzmEK16B7V$cac4ac5d994b65af632162e64bab0bc78537bbe8dbf675fb6c12f08e69c2f046
35,153.3,56.1,26.24,31,0,84.3,11.78,2.451985185185185,16.36,5.71,2.8651488616462344,57.6,3.54,172,168.0,1,3,1,13,3,0,0,Joshua,Jordan,joshua.jordan432@example.com,"[25.8, 12.0, 329.7, 13.1, 24.4]",pbkdf2:sha256:1000000$E34pAxltGh65sjO6$8c5246fdcea9ec2251986bf89ac4c2965c69c0262749b16c85d5a733fe31281a
40,153.7,42.7,31.63,39,0,95.0,5.11,1.1986419753086421,4.69,6.12,0.7663398692810458,34.0,6.28,172,185.0,1,1,1,22,3,0,0,Donna,Greene,donna.greene433@example.com,"[25.0, 12.0, 320.0, 26.6, 7.0]",pbkdf2:sha256:1000000$Ascu1GWEinBQd9rt$59fa0cf4dce29e3afc3cdf6f3a6b87f71ef54a969497ff0ecb63237eecd84d97
42,150.5,64.4,27.95,38,0,103.7,17.3,4.429654320987654,6.56,7.56,0.8677248677248677,68.4,7.99,237,112.0,2,3,0,21,0,0,0,Joanna,Alvarado,joanna.alvarado434@example.com,"[28.8, 12.0, 320.0, 17.4, 25.0]",pbkdf2:sha256:1000000$TJKBi6NZbiLScn96$abb47a1be9cc688c8376b66228c519c91c33844305ea29c6ae97ce7fe8ab0883
30,147.4,68.1,26.88,34,0,83.0,27.06,5.545629629629629,9.39,6.78,1.3849557522123894,31.8,4.65,202,183.0,2,1,1,10,3,0,0,James,Ellis,james.ellis435@example.com,"[30.5, 12.0, 383.8, 14.7, 7.0]",pbkdf2:sha256:1000000$Zq2SfI7zcYMSMrQV$ff9547b47affea529ed2943ce1314e15a59228d3106b8c86ea8c8edb82eeb8a6
25,152.3,41.4,21.11,42,0,112.5,13.51,3.7527777777777778,7.64,7.94,0.9622166246851385,34.5,10.32,213,164.0,3,1,0,17,0,0,0,Barbara,Matthews,barbara.matthews436@example.com,"[27.8, 12.0, 320.0, 10.0, 7.0]",pbkdf2:sha256:1000000$H79WBQFrIvQWteLj$3279d248fe3974859c295cc4cc1400371bc28f647a4c017f02b242a90d594c23
35,154.5,56.3,26.3,32,1,87.8,6.21,1.3462666666666665,4.95,5.64,0.8776595744680852,60.6,5.4,190,151.0,3,1,1,6,2,1,0,Jason,Moore,jason.moore437@example.com,"[25.0, 12.0, 320.0, 13.3, 25.0]",pbkdf2:sha256:1000000$bxoz0nswqLm9UmRq$e84ad7b26f8ff34abca16bbeb5e5e82dfca573fa0a5ce5fed613c62e7021b853
39,155.7,64.8,27.25,26,0,95.4,10.81,2.546355555555556,8.48,6.78,1.2507374631268438,56.0,5.74,164,56.0,3,3,0,15,1,0,0,Spencer,Baker,spencer.baker438@example.com,"[26.0, 12.0, 320.0, 15.6, 22.0]",pbkdf2:sha256:1000000$qO29ERb7gf1LE18b$bc0df16a834559838021c0c1ef0efbfe406493a93c4ec8e44b55b36911378159
38,158.5,78.9,29.29,26,1,129.7,8.64,2.7669333333333332,14.35,5.38,2.66728624535316,63.2,3.73,230,191.0,3,1,1,0,1,0,0,Travis,Woodard,travis.woodard439@example.com,"[26.3, 12.0, 335.2, 20.7, 25.0]",pbkdf2:sha256:1000000$1jEz7U9XVzt624fc$79efec8e44e333fecaac9fe9624769d5a10b715ad2291686c9f90a894d3e71c3
29,165.6,54.7,28.11,28,0,82.6,18.04,3.6792691358024685,9.73,7.42,1.3113207547169812,38.0,10.38,173,171.0,3,2,0,17,2,0,0,Michaela,Cox,michaela.cox440@example.com,"[27.7, 12.0, 320.0, 17.8, 7.0]",pbkdf2:sha256:1000000$1qOLU4BKi5z2DHsT$7f88794069177e62026b7f422a480bdd4b6686d8d45a7167b322843aa9db4845
20,163.0,73.4,22.65,38,0,73.6,11.16,2.028088888888889,5.74,7.59,0.7562582345191041,85.3,6.23,187,126.0,2,2,0,18,3,0,1,Alan,Parrish,alan.parrish441@example.com,"[25.2, 12.0, 320.0, 10.0, 25.0]",pbkdf2:sha256:1000000$0pWSiPMGh3rr0uQ7$00ec16dfcd6be6ba0e617126b926779e48466dc415f19b5217fd8f1d7cc606e4
23,154.8,74.2,26.91,25,0,99.2,7.61,1.8639802469135804,2.64,7.33,0.3601637107776262,34.0,6.35,183,23.0,3,1,0,8,2,0,0,Shelby,Cook,shelby.cook442@example.com,"[24.9, 12.0, 320.0, 14.8, 7.0]",pbkdf2:sha256:1000000$vro5xJQZw4CuCUfD$ab8054eaa7d998f4b755fab56fe2d2c0fd3a7c46b0129a3cdf53ddcbd81fe614
36,153.0,41.5,27.85,36,0,110.8,14.02,3.835595061728395,6.48,3.2,2.025,63.6,6.48,171,123.0,3,2,0,5,1,0,0,Justin,Wilson,justin.wilson443@example.com,"[27.9, 12.0, 320.0, 17.1, 25.0]",pbkdf2:sha256:1000000$KQLyjNjC2rkuFOP3$78e7ed5b545de7a61e3e6e151625d980b8d0e2020cfedafcb0499364c5c27872
41,151.5,87.4,29.71,29,0,78.2,19.02,3.6725037037037036,1.82,9.77,0.18628454452405324,61.2,1.36,194,36.0,1,1,1,6,3,0,0,Christina,Wallace,christina.wallace444@example.com,"[27.7, 12.0, 351.0, 21.8, 25.0]",pbkdf2:sha256:1000000$DkUKYe0pOcH7PYFL$a56ee14ca14aa2f6c7398d8d7569e42d6b0bc6b112d870ddd6cb57314f45699a
33,163.3,77.8,33.26,31,1,104.8,10.75,2.781728395061728,17.6,6.94,2.5360230547550433,52.6,3.11,151,175.0,2,2,0,2,0,1,0,Kyle,Schneider,kyle.schneider445@example.com,"[26.3, 12.0, 320.0, 30.6, 16.9]",pbkdf2:sha256:1000000$d9lxNNrnYVP1wh3c$de1d765bdcda773df9bc36f48734740cd5c0d892c435d95378b0fa7b665326d1
38,145.9,67.2,26.57,37,0,97.2,17.22,4.1328,14.31,4.31,3.3201856148491884,62.2,9.29,173,133.0,1,2,0,5,2,0,0,Yvonne,Hester,yvonne.hester446@example.com,"[28.3, 12.0, 320.0, 13.9, 25.0]",pbkdf2:sha256:1000000$d4aDnG1lIQA11oj2$47f392aeef520ed396bd81b3aeb1e5240a68b74c295551b63184abe0752ecd89
40,150.9,61.1,29.91,33,0,90.2,2.86,0.6369679012345678,16.07,7.84,2.049744897959184,19.6,2.49,221,185.0,1,3,0,5,1,0,0,Cameron,Adams,cameron.adams447@example.com,"[25.0, 12.0, 320.0, 22.3, 7.0]",pbkdf2:sha256:1000000$WcI6ttTgSurZnirt$240d99540e321ac5c2ad158074b39474d892ca52d1a05e63fda6bd10cd198ae4
28,152.0,62.8,20.42,23,0,91.2,11.57,2.6053925925925925,12.87,3.21,4.009345794392523,53.9,6.46,224,181.0,1,2,0,19,3,0,0,Charles,Mathews,charles.mathews448@example.com,"[26.1, 12.0, 320.0, 10.0, 18.8]",pbkdf2:sha256:1000000$AhegCm6OEY8AuhrP$906fff4364f2543567a555393ddee2671dad1a3ab9995d2131be28ebfea32657
21,155.5,64.8,27.46,35,0,78.7,16.61,3.227671604938272,9.72,5.21,1.8656429942418427,15.6,11.17,146,126.0,1,1,1,12,2,0,0,Bill,Jensen,bill.jensen449@example.com,"[27.0, 12.0, 343.2, 16.2, 7.0]",pbkdf2:sha256:1000000$QpfG1KARJaA6wRpV$01067b172fb7279fab5f0997530030e94c730131e02349904d444e24482842af
30,153.9,81.9,30.11,41,0,89.3,16.44,3.624918518518519,13.25,7.66,1.7297650130548303,82.2,5.4,229,142.0,3,1,1,20,0,0,0,Micheal,Roberts,micheal.roberts450@example.com,"[27.6, 12.0, 350.2, 22.8, 25.0]",pbkdf2:sha256:1000000$GQ526nxJ1uGUgsmI$9aaf63d7f95717fcc457386bad0fab0d3d6feb034436c3160164bd8323eeb0c5
29,155.5,56.5,24.76,42,1,96.0,0.64,0.1517037037037037,13.13,7.63,1.7208387942332897,32.3,7.1,214,140.0,2,2,0,24,1,0,0,Dylan,Richardson,dylan.richardson451@example.com,"[25.0, 12.0, 320.0, 10.0, 7.0]",pbkdf2:sha256:1000000$c68NDcnRG9YC6Iqv$a81a09b0a2410bf8a5e945b78b55b65f482d4f781543318225fa32b9c1c9c75d
31,151.9,55.4,20.95,36,1,93.4,9.85,2.2715802469135804,11.44,5.34,2.142322097378277,52.0,6.03,178,177.0,1,3,0,8,3,0,0,April,Olson,april.olson452@example.com,"[25.6, 12.0, 320.0, 10.0, 16.0]",pbkdf2:sha256:1000000$gomFt25AKwjhnp1w$2376fa4b674f3f3bda337834bfcb82672dcc7d1b2af35f94849c18caf9e8e116
32,148.0,64.9,28.41,36,0,141.0,11.01,3.833111111111111,14.6,7.92,1.8434343434343434,41.1,3.47,223,125.0,2,2,1,22,2,1,0,Joshua,Underwood,joshua.underwood453@example.com,"[27.9, 12.0, 353.8, 18.5, 7.0]",pbkdf2:sha256:1000000$zGsbcxHFM1FNPJiL$72aa06f69ca78fb7a6717e4d76adca4c43c3a4d15d80d365053d2220a6685b99
42,149.2,81.4,21.78,32,0,127.6,6.78,2.1361185185185185,2.6,8.22,0.31630170316301703,84.2,9.38,236,53.0,1,1,1,12,3,0,0,Brian,Herrera,brian.herrera454@example.com,"[25.4, 12.0, 324.1, 10.0, 25.0]",pbkdf2:sha256:1000000$TaGHuTUzMtspNLFp$bd5fafc4244e7910cc18f64b72acabfb3b0fb1f48cd4854179f90106f0427b7d
42,156.4,58.2,29.45,43,0,102.2,2.0,0.5046913580246913,16.19,5.16,3.1375968992248064,48.0,4.84,215,73.0,2,1,1,1,2,0,0,Erik,Christensen,erik.christensen455@example.com,"[22.9, 12.0, 320.0, 21.1, 10.0]",pbkdf2:sha256:1000000$BoVPONGwsyYO3F5P$451bbd08f8b4a452f480c76b2a69a05d65d3d784a47610295bb1db1d6bc34ef5
33,160.0,68.9,27.15,23,1,77.9,12.08,2.3235358024691357,3.34,10.21,0.3271302644466209,22.3,5.99,225,206.0,2,1,0,20,1,1,0,Joseph,Martin,joseph.martin456@example.com,"[25.6, 21.1, 320.0, 15.4, 7.0]",pbkdf2:sha256:1000000$sjQTKRltHAmDr3Wc$288ef23e20c9018ccc73386432d03736525d489a382ff20d1b8f356fc6bfa343
34,152.4,56.5,26.74,27,1,126.2,22.09,6.883353086419754,8.03,10.11,0.7942631058358061,36.8,2.63,204,180.0,1,1,1,22,2,0,0,Ashley,Baker,ashley.baker457@example.com,"[32.5, 12.0, 407.2, 14.3, 7.0]",pbkdf2:sha256:1000000$BN1nc1wxr8fHpxJ2$1170ffcab257ad381d569a27671ee5043c899b52d55ebfe45c5f0604f106b66b
30,152.1,75.7,29.31,35,1,98.0,16.99,4.1111604938271595,11.65,6.24,1.8669871794871795,39.3,10.46,172,143.0,1,3,1,21,1,0,0,Paul,Singh,paul.singh458@example.com,"[28.3, 12.0, 358.7, 20.8, 7.0]",pbkdf2:sha256:1000000$TWp1RyCxIoew6hjK$e3c94a4bccdd022f8a71cf8cdf526c562a911aa39050f85636e067cb6ee6172e
24,148.6,63.2,24.71,41,0,106.9,13.96,3.684750617283951,9.28,8.13,1.141451414514145,43.0,3.66,206,71.0,1,3,1,18,3,0,0,Anthony,Larson,anthony.larson459@example.com,"[27.7, 12.0, 351.2, 10.0, 7.0]",pbkdf2:sha256:1000000$Z1lXnxVzk3TRBjsI$5d3ea324e01d99792654cd82307d9dcc881b001689be5a965c8afa12187482d4
41,159.2,69.7,28.77,28,1,96.5,4.63,1.1031975308641975,11.62,4.82,2.4107883817427385,96.6,4.74,186,204.0,3,1,0,2,0,0,1,Calvin,Harris,calvin.harris460@example.com,"[25.0, 12.0, 320.0, 19.4, 25.0]",pbkdf2:sha256:1000000$2Q34fhVMSHHhGysk$c84146de2f43e58eb60518eca35de160efc883f752b0e5dc2920698fad90fd2c
26,167.1,79.7,19.82,24,0,80.2,14.96,2.96244938271605,16.22,6.56,2.472560975609756,55.6,9.16,175,223.0,2,1,1,21,3,0,1,Kayla,Rios,kayla.rios461@example.com,"[26.6, 22.0, 338.6, 10.0, 21.4]",pbkdf2:sha256:1000000$5mlY6zur4i5d3J2n$78bb643389d50865466d6e1c106a183bc1a181707ec1c86fd9ff3f8d5bc14bc3
18,157.8,39.8,22.99,25,0,93.1,23.43,5.386007407407407,12.95,3.77,3.4350132625994694,41.0,2.97,138,145.0,3,3,1,15,3,1,0,Brenda,Lopez,brenda.lopez462@example.com,"[30.2, 12.0, 381.0, 10.0, 7.0]",pbkdf2:sha256:1000000$8MPNxa35oyAR9gEm$77885fd5d81c434aa69f621545fb3f138112676d7d09f1f66696c302fbf1da9b
40,151.1,72.6,22.13,31,0,102.1,21.03,5.301637037037037,16.99,5.94,2.86026936026936,59.3,6.89,133,57.0,3,1,1,4,1,0,0,Kayla,Adkins,kayla.adkins463@example.com,"[30.1, 12.0, 379.5, 10.0, 25.0]",pbkdf2:sha256:1000000$rE2roJpGPefkTE2h$0097b83f9b5cf03f8792e99be9e2b38e295a8aa0355744dd1db6f2cccc272c34
30,155.9,41.5,25.84,31,1,92.1,6.23,1.416748148148148,10.68,7.51,1.422103861517976,61.3,6.8,225,132.0,1,2,0,5,1,0,0,Daisy,Cunningham,daisy.cunningham464@example.com,"[25.0, 12.0, 320.0, 12.1, 25.0]",pbkdf2:sha256:1000000$gRTYanz5DSzrLNxM$1a673a53cb8a5d6827e36fb5c9ad1f39c0a7d4e36a07d01edd0d8c8ef9af2b78
37,157.1,76.0,21.74,34,1,80.2,19.97,3.9545530864197533,9.17,6.09,1.5057471264367817,72.7,8.7,156,154.0,2,3,1,11,3,0,0,Sean,Phelps,sean.phelps465@example.com,"[28.1, 12.0, 356.0, 10.0, 25.0]",pbkdf2:sha256:1000000$BwZAoKoGQNrnY2Uj$008a6b8e17f605cc0cfa292971b5fa09fefe59bf29ea60b8797b6657c87ab35d
24,153.7,69.7,28.23,29,0,114.7,25.1,7.108567901234569,10.35,7.92,1.3068181818181819,62.3,5.36,175,126.0,2,1,0,2,2,0,0,Jennifer,Jones,jennifer.jones466@example.com,"[32.8, 12.0, 320.0, 18.1, 25.0]",pbkdf2:sha256:1000000$qCJpXpLJpFHW18VQ$36923afc76e31c85c87ed2bb17a2798627287b2ef6a81010d69092c615629a4e
25,156.3,68.5,36.31,21,1,89.2,16.02,3.5283555555555552,10.73,4.72,2.273305084745763,30.0,7.72,203,196.0,2,1,0,0,1,0,0,Daniel,Wong,daniel.wong467@example.com,"[27.4, 12.0, 320.0, 38.3, 7.0]",pbkdf2:sha256:1000000$JHOcWbTZTkx5thVs$502b456a0ba376accd8528222d24fc99fb93dd749d983cc376ff73a856bc0d2f
